Year,Plot,Subplot,Sub,Plot.Subplot,Longitude,Latitude,Majority,DBH,H100_field,mean_height,ABA,BA,TD,Lidar H100,Lidar Mean,Lidar_area,HRSI H100,HRSI mean,HRSI_area,Overstory ABG,Overstory BGB,Understory AGB,Understory BGB,Standing Dead AGB,Standing Dead BGB,Coarse Woody Debris,Ground Vegetation,Litter,Total AGB,Total BGB,Total Biomass (AGB+BGB),*Notes,,,,
2013,806,1,1,806.1,36.3035,-18.808457,3,9.38,11.75,7.79,0.01,17.87,2207.8,9999,9999,9999,11.93,10.81,154.69,70.57,24.21,2.18,1.07,0,0,1.21,0,1.03,74.99,25.28,100.27,Lidar and HRSI data were extracted from each map over a circular area about the same size as the subplots (154 m2),,,,
2013,806,2,2,806.2,36.3035,-18.808157,3,10.75,7.2,8.26,0.01,17,1493.51,9999,9999,9999,9.34,8.66,152.77,67.66,22.25,3.34,1.66,1.28,0.53,1.07,0,0.76,74.12,24.44,98.56,** Note the AREA column for lidar and HRSI.  Areas less that 150 are a result of missing pixels on the map.  They were not included in the statistics,,,,
2013,806,3,3,806.3,36.3038,-18.808457,3,11.97,7.3,10.24,0.01,27.27,2142.86,9999,9999,9999,11.14,10.42,154.69,113.29,37.64,5.15,2.52,0,0,3.33,0,0.8,122.57,40.16,162.73,,,,,
2013,806,4,4,806.4,36.3035,-18.808757,3,12.12,8.3,9.5,0.01,33.5,2467.54,9999,9999,9999,11.44,10.69,152.77,139.98,45.63,5.49,2.57,7.79,1.68,0.1,0,0.91,154.26,49.89,204.15,,,,,
2013,806,5,5,806.5,36.3032,-18.808457,3,12.95,11.5,8.9,0.02,26.42,1753.25,9999,9999,9999,11.68,11.02,151.48,109.95,36.05,0,0,0,0,1.16,0,0.34,111.45,36.05,147.5,,,,,
2013,864,1,6,864.1,36.24601,-18.818504,2,14.51,14.25,11.34,0.02,25.28,1363.64,17.44,16.27,156,15.1,14.59,152.13,134.68,42.31,0,0,9.65,5.2,10.38,0.02,0.05,154.78,47.51,202.29,,,,,
2013,864,2,7,864.2,36.24601,-18.818204,2,10.4,10.6,9.13,0.01,14.9,1558.45,18.12,15.53,154,15.65,14.47,152.77,65.12,22.24,7.7,3.46,2.01,0.26,1.7,0.07,0.04,76.65,25.95,102.6,,,,,
2013,864,3,8,864.3,36.24631,-18.818504,2,14.31,9.2,12.17,0.02,42.2,2207.8,14.79,13.31,155,12.98,11.88,154.05,232.6,71.4,3.95,1.97,1.46,0.22,3.02,0,0.05,241.08,73.6,314.68,,,,,
2013,864,4,9,864.4,36.24601,-18.818804,7,13.37,12.6,11.51,0.02,35.14,1818.19,17.54,15.84,154,15.47,14.76,155.98,205.15,60.8,5.96,2.72,3.45,0.77,3.51,0.33,0.04,218.44,64.29,282.73,,,,,
2013,864,5,10,864.5,36.24571,-18.818504,2,15.63,10.6,12.64,0.02,36.14,1558.45,15.71,13.47,150,16.05,14.38,152.13,215.41,64.18,1.72,0.81,9.86,1.82,4.31,3.06,0.86,235.22,66.81,302.03,,,,,
2013,1001,1,11,1001.1,36.240201,-18.831799,7,13.19,19.85,13.53,0.02,40.24,2337.67,20.13,18.86,153,17.75,17.17,153.41,207.51,64.43,4.89,2.11,2.11,0.52,3.95,0.03,0.41,218.9,67.06,285.96,,,,,
2013,1001,2,12,1001.2,36.240036,-18.831533,7,12.8,11.55,12.42,0.02,32,1883.12,17.41,14.78,155,14.83,13.94,153.41,173.84,53.25,15.55,6.97,0,0,4.96,0,1.76,196.11,60.22,256.33,,,,,
2013,1001,3,13,1001.3,36.240393,-18.831774,2,16.39,15.3,16.77,0.03,40.23,1493.51,21.71,19.25,155,18.75,18.22,152.13,242.77,70.74,8.89,3.8,5.42,0.98,12.3,0.02,1.27,270.67,75.52,346.19,,,,,
2013,1001,4,14,1001.4,36.240132,-18.831961,7,14.63,16.65,13.06,0.02,29.55,1363.64,18.22,16.58,154,15.86,15.21,153.41,195.93,56.78,0.81,0.41,0,0,3.64,0.04,1.49,201.91,57.19,259.1,,,,,
2013,1001,5,15,1001.5,36.239894,-18.831805,7,10.1,16.2,10.48,0.01,27.63,3116.89,15.35,12.47,154,13.47,12.4,154.05,125.28,43.16,5.96,2.72,0,0,2.05,0.05,1.06,134.41,45.89,180.29,,,,,
2013,1079,1,16,1079.1,36.264355,-18.840148,2,16.38,21.95,14.71,0.03,92.89,3311.7,22.82,17.66,147,20.69,19.29,152.77,604.72,171.17,7.05,3.06,0.55,0.28,9.28,0.04,0.06,621.7,174.46,796.16,,,,,
2013,1079,2,17,1079.2,36.264355,-18.839848,6,17.39,15.1,17.61,0.04,41.23,1168.84,20.84,15.57,155,9999,9999,9999,312.06,82.79,4.91,2.08,0,0,21.95,0.02,0.05,338.98,84.86,423.84,,,,,
2013,1079,3,18,1079.3,36.264655,-18.840148,2,14.93,14.55,13.58,0.02,70.25,2987.02,21.8,14.59,154,14.38,13.3,39.8,421.02,121.19,11.36,5.22,13.93,2.11,19.26,0,0.43,465.99,128.53,594.51,,,,,
2013,1079,4,19,1079.4,36.264355,-18.840448,9999,9999,9999,9999,9999,9999,9999,21.24,16.39,156,15.53,13.72,152.13,9999,9999,9999,9999,9999,9999,9999,9999,9999,9999,9999,9999,,,,,
2013,1079,5,20,1079.5,36.264055,-18.840148,9999,9999,9999,9999,9999,9999,9999,20.58,16.93,155,18.55,16.88,155.98,9999,9999,9999,9999,9999,9999,9999,9999,9999,9999,9999,9999,,,,,
2013,1113,1,21,1113.1,36.213549,-18.845148,2,13.1,16.4,11.09,0.02,34.6,2077.92,17.18,13.16,150,16.68,13.68,152.77,191.75,58.64,2.92,1.44,6.18,1.25,5.53,1.65,0.07,208.1,61.33,269.43,,,,,
2013,1113,2,22,1113.2,36.213549,-18.844848,2,12.11,12,11.08,0.01,29.9,2142.86,15.42,12.52,154,12.91,11.88,152.77,147.74,47.17,0.56,0.29,0.62,0.15,6.57,2,1.87,159.37,47.62,206.98,,,,,
2013,1113,3,23,1113.3,36.213849,-18.845148,7,15.38,11.6,10.93,0.02,25.42,1038.96,19.21,15.67,154,17.05,15.59,152.13,146.09,43.03,4.48,1.94,14.16,5.89,17.28,2.09,0.16,184.27,50.86,235.13,,,,,
2013,1113,4,24,1113.4,36.213549,-18.845448,2,18.73,11.7,12.12,0.04,30.25,844.16,19.01,15.24,153,17.85,16.05,152.13,179.09,50.74,2.23,1.02,16.01,2.96,10.59,1.89,0.16,209.98,54.72,264.7,,,,,
2013,1113,5,25,1113.5,36.213249,-18.845148,9999,9999,9999,9999,9999,9999,9999,16.24,12.31,154,12.07,11.08,155.33,9999,9999,9999,9999,9999,9999,9999,9999,9999,9999,9999,9999,,,,,
2013,1130,1,26,1130.1,36.306805,-18.845914,3,9.71,11.3,8.56,0.01,18.74,2207.79,9999,9999,9999,9.83,8.58,152.77,66.6,23.35,0,0,0.99,0.11,1.03,0,0.29,68.9,23.46,92.36,,,,,
2013,1130,2,27,1130.2,36.306805,-18.845614,3,9.28,9.375,9.82,0.01,33.26,4545.46,9999,9999,9999,8.95,6.11,152.13,113.05,41.01,0,0,0.5,0.12,4.06,0,0.43,118.05,41.12,159.17,,,,,
2013,1130,3,28,1130.3,36.307105,-18.845914,3,10.72,9.375,7.93,0.01,23.81,2207.8,9999,9999,9999,7.83,6.09,151.48,98.57,32.64,0.39,0.21,4.57,0.98,0.77,0,0.75,105.05,33.83,138.87,,,,,
2013,1130,4,29,1130.4,36.306805,-18.846214,3,8.25,8.8,5.12,0.01,21.4,2792.22,9999,9999,9999,5.78,3.59,155.33,94.47,29.69,2.55,1.31,0.33,0.08,0.44,0,0.1,97.88,31.07,128.95,,,,,
2013,1130,5,30,1130.5,36.306505,-18.845914,3,12.22,9.9,10.26,0.01,21.96,1688.32,9999,9999,9999,7.72,6.35,156.62,87.9,29.49,4.02,1.87,0,0,1.83,0,0.18,93.93,31.35,125.28,,,,,
2013,1216,1,31,1216.1,36.123515,-18.854252,2,21.76,14.25,12.61,0.04,18.12,454.55,9999,9999,9999,11.43,10.53,152.77,106.25,30.93,0,0,0,0,26.17,0,0.05,132.47,30.93,163.4,,,,,
2013,1216,2,32,1216.2,36.123515,-18.853952,2,19.97,13.7,12.51,0.03,20.06,584.42,9999,9999,9999,13.33,12.32,155.98,114.7,33.91,0,0,0,0,8.76,0,0.2,123.66,33.91,157.57,,,,,
2013,1216,3,33,1216.3,36.123815,-18.854252,2,20.46,11.65,10.41,0.04,27.63,714.29,9999,9999,9999,13.26,12,150.84,166.09,47.7,0,0,0,0,20.69,0,0.01,186.8,47.71,234.5,,,,,
2013,1216,4,34,1216.4,36.123515,-18.854552,2,22.88,12.25,9.36,0.05,14.94,324.68,9999,9999,9999,8.03,6.07,152.13,90.86,25.97,0,0,0,0,3.57,0,0.13,94.55,25.97,120.52,,,,,
2013,1216,5,35,1216.5,36.123215,-18.854252,2,20.49,14.15,11.66,0.04,22.31,584.42,9999,9999,9999,14.75,13.33,155.33,131.67,38.12,0,0,0,0,21.8,0,0.13,153.59,38.11,191.7,,,,,
2013,1219,1,36,1219.1,36.237751,-18.854268,3,19.22,15.5,12.83,0.03,32.22,974.04,15.94,13.82,152,14.03,12.96,156.62,167.27,49.59,0.39,0.21,1.01,0.23,1.35,0,0.03,170.05,50.02,220.07,,,,,
2013,1219,2,37,1219.2,36.237751,-18.853968,3,15.02,14.35,10.69,0.02,41.97,2077.92,13.85,11.94,154,13.03,12.04,154.69,190.79,59.98,0.16,0.1,30.47,5.15,3.75,0,0.77,225.95,65.22,291.17,,,,,
2013,1219,3,38,1219.3,36.238051,-18.854268,3,13.9,15,12.04,0.02,11.97,714.29,14.94,13.94,155,12.89,12.01,152.77,49.88,16.25,3.23,1.48,3.79,0.79,10.22,0,0.32,67.44,18.53,85.96,,,,,
2013,1219,4,39,1219.4,36.237751,-18.854568,3,22.3,15,13.61,0.05,28.42,584.42,17.28,15.55,154,14.48,13.99,152.13,164.04,45.98,0,0,10.42,2.82,2.04,0,1.49,177.98,48.81,226.79,,,,,
2013,1219,5,40,1219.5,36.237451,-18.854268,3,16.58,14.15,11.03,0.03,38.72,1363.64,16.04,11.26,156,13.88,11.41,152.13,218.69,63.27,3.99,1.91,8.67,1.86,2.99,0,0.25,234.6,67.04,301.64,,,,,
2013,1254,1,41,1254.1,36.269428,-18.860066,10,18.75,28.6,20.61,0.03,59.88,1948.06,25.44,21.58,155,25.11,24.6,153.41,342.87,102.09,6.15,3.27,0.45,0.1,11.98,0,0.93,362.65,105.46,468.12,,,,,
2013,1254,2,42,1254.2,36.269438,-18.859817,10,16.7,23.85,19.85,0.02,41.26,1688.32,24,19.3,147,25.32,24.73,153.41,255.19,68.79,9.74,5.01,3.17,1.36,7.79,0,0.75,246.63,75.17,321.8,,,,,
2013,1254,3,43,1254.3,36.269648,-18.860025,10,20.19,21.3,18.09,0.04,44.16,1168.84,26.22,20.24,156,26.12,24.15,152.13,266.71,76.61,7.42,3.62,0,0,9.89,0,0.73,284.75,80.23,364.99,,,,,
2013,1254,4,44,1254.4,36.269503,-18.860349,10,20.65,15.25,20.43,0.04,49.98,1298.71,24,20.28,153,24.55,23.95,153.41,298.21,86.29,3.5,1.69,12.57,1.51,5.2,0.2,1.09,320.78,89.48,410.27,,,,,
2013,1254,5,45,1254.5,36.269204,-18.86015,10,16.18,27.75,18.22,0.03,49.44,1558.45,24.44,19.56,153,24.08,23.56,152.77,339.49,91.58,11.41,5.17,0,0,9.51,0.3,0.91,361.62,96.75,458.37,,,,,
2013,1285,1,46,1285.1,36.141464,-18.86529,6,12.12,14.3,9.56,0.01,42.13,2987.03,9999,9999,9999,11.36,10.69,154.05,213.01,67.71,0,0,14.91,5.22,4.14,0,0.05,232.12,72.92,305.04,,,,,
2013,1285,2,47,1285.2,36.141608,-18.86495,3,13.62,8.15,9.4,0.02,31.96,1688.33,9999,9999,9999,13.09,12.16,155.33,163.32,49.33,0,0,9.91,4,5.5,0,0.06,178.79,53.34,232.13,,,,,
2013,1285,3,48,1285.3,36.141758,-18.865297,5,16.98,9.85,10.48,0.03,33.1,1038.97,9999,9999,9999,13.13,12.55,152.77,198.96,56.31,5.22,2.35,22.3,4.69,8.72,0,0.04,235.24,63.35,298.59,,,,,
2013,1285,4,49,1285.4,36.141428,-18.865541,1,10.55,7.3,8.42,0.01,31.61,2402.61,9999,9999,9999,11.5,10.08,152.13,179.93,52.55,3.77,1.82,6.99,2.09,11.8,0,0.24,202.73,56.46,259.19,,,,,
2013,1285,5,50,1285.5,36.141195,-18.865199,5,14.47,12.1,7.99,0.02,30.74,1493.51,9999,9999,9999,9.98,9.29,152.77,160.86,49.16,0,0,17.72,3.58,9.5,0,0.08,188.17,52.74,240.91,,,,,
2013,1305,1,51,1305.1,36.282128,-18.868526,3,8.64,7.95,5.95,0.01,12.49,1883.12,8.07,6.47,155,5.08,3.78,152.77,41.83,15.07,0.19,0.11,0,0,0.02,0,0.38,42.43,15.18,57.61,,,,,
2013,1305,2,52,1305.2,36.282128,-18.868226,9999,9999,9999,9999,9999,9999,9999,10.93,8.45,156,9.39,5.04,152.13,9999,9999,9999,9999,9999,9999,9999,9999,9999,9999,9999,9999,,,,,
2013,1305,3,53,1305.3,36.282428,-18.868526,9999,9999,9999,9999,9999,9999,9999,7.71,6.39,153,4.31,3.57,155.33,9999,9999,9999,9999,9999,9999,9999,9999,9999,9999,9999,9999,,,,,
2013,1305,4,54,1305.4,36.282128,-18.868826,3,6.83,5.3,5.35,0,7.12,1818.2,8.89,7.65,148,6.86,5.11,154.05,9999,9999,9999,9999,9999,9999,9999,9999,9999,9999,9999,9999,,,,,
2013,1305,5,55,1305.5,36.281828,-18.868526,9999,9999,9999,9999,9999,9999,9999,7.58,3.32,150,8.1,5.04,152.13,20.84,8.15,10.99,5.13,0.29,0.07,0.71,0.14,0.26,33.22,13.35,46.58,,,,,
2013,1314,1,56,1314.1,36.20356,-18.870943,1,9.07,10.1,7.5,0.01,18.5,2597.41,11.4,8.7,155,8.69,8.03,155.33,76.01,26.98,1.03,1.29,0,0,3.96,0,0.3,81.3,28.27,109.56,,,,,
2013,1314,2,57,1314.2,36.20356,-18.870643,5,9.25,10.05,6.95,0.01,21.56,2792.21,10.83,9.53,154,9.45,8.36,153.41,90.63,31.51,1.83,1.21,8.67,1.93,5.8,0,0.13,107.06,34.65,141.72,,,,,
2013,1314,3,58,1314.3,36.20386,-18.870943,5,7.34,7.4,5.93,0,9.19,2077.93,9.14,5.75,150,5.37,4.25,153.41,31.52,12.06,0,0,2.47,0.61,0.28,0,0.07,34.33,12.67,47,,,,,
2013,1314,4,59,1314.4,36.20356,-18.871243,6,8.34,5.85,7.14,0.01,11.81,1948.06,10.7,8.31,153,7.85,7.2,154.05,51.63,18.48,0.13,0.08,1.18,0.26,4.74,0,0.07,57.75,18.83,76.58,,,,,
2013,1314,5,60,1314.5,36.20326,-18.870943,5,10.91,6.55,7.83,0.01,12.98,1168.84,11.26,8.63,151,8.51,8.05,153.41,59.91,19.77,0,0,11.04,2.33,3.27,0,0.03,74.26,22.1,96.37,,,,,
2013,1317,1,61,1317.1,36.280204,-18.871772,5,6.59,8.45,6.45,0,7.34,2013,7.86,6.64,154,7.48,5.48,153.41,24.54,9.48,27.57,12.7,0,0,0.03,0.2,0.32,52.65,22.19,74.84,,,,,
2013,1317,2,62,1317.2,36.280204,-18.871472,5,6.68,7.15,6.93,0,5.52,1493.52,8.99,7.27,154,6.9,4,155.33,18.62,7.21,25.15,12.6,0.38,0.09,2.26,0.37,0.36,47.43,19.9,67.33,,,,,
2013,1317,3,63,1317.3,36.280504,-18.871772,5,6.13,6.35,5.6,0,1.37,454.55,8.88,6.36,155,9.83,5.33,152.13,4.15,1.68,16.81,7.85,0,0,1.43,0.63,0.3,23.31,9.53,32.84,,,,,
2013,1317,4,64,1317.4,36.280204,-18.872072,5,5.79,6.2,5.23,0,1.21,454.55,5.88,4.5,156,5.06,4.3,153.41,3.57,1.47,18.61,8.94,0.15,0.07,0.2,1.37,0.53,24.42,10.48,34.9,,,,,
2013,1317,5,65,1317.5,36.279904,-18.871772,5,7.7,6.1,5.42,0.01,6.55,1298.71,7.9,6.21,154,5.85,5.26,153.41,23.06,8.61,16.17,7.79,0.36,0.08,0,0.5,0.23,40.32,16.47,56.79,,,,,
2013,1359,1,66,1359.1,36.152707,-18.87926,6,10.99,9999,9999,0.01,37.19,3246.75,9999,9999,9999,13.91,13.65,152.77,206.17,66.35,0,0,2.48,0.56,6.44,0,0.11,215.2,66.92,282.12,,,,,
2013,1359,2,67,1359.2,36.152707,-18.87896,6,12.19,9999,9999,0.01,42.14,3051.96,9999,9999,9999,14.14,13.62,152.13,242.7,76.59,0,0,7.59,1.64,9.24,0,1.19,260.73,78.23,338.96,,,,,
2013,1359,3,68,1359.3,36.153007,-18.87926,6,11.64,9999,9999,0.01,32.33,2727.28,9999,9999,9999,14.99,14.52,152.77,175.42,57.34,0,0,1.09,0.28,2.99,0,0.15,179.65,57.62,237.26,,,,,
2013,1359,4,69,1359.4,36.152707,-18.87956,6,13.79,9999,9999,0.02,38.95,2207.79,9999,9999,9999,14.72,14.36,153.41,233.24,71.59,0,0,11.52,2.17,6.76,0,0.7,252.22,73.76,325.99,,,,,
2013,1359,5,70,1359.5,36.152407,-18.87926,6,14.96,9999,9999,0.02,29.89,1558.44,9999,9999,9999,14.67,14.12,155.98,179.65,55.8,0,0,5.4,1.21,9.82,0,0.53,195.4,57.01,252.4,,,,,
2013,1361,1,71,1361.1,36.168942,-18.881442,1,8.5,9.8,8.02,0.01,26.35,3896.11,9999,9999,9999,8.56,7.9,152.13,129.5,43.8,0,0,0,0,5.35,0,0.1,134.95,43.8,178.75,,,,,
2013,1361,2,72,1361.2,36.169008,-18.881181,1,10.5,8.85,9.74,0.01,31,2987.01,9999,9999,9999,18.93,11.26,153.41,137.74,45.74,0,0,1.07,0.24,7.47,0,0.04,146.32,45.99,192.31,,,,,
2013,1361,3,73,1361.3,36.16924,-18.881462,3,10.48,8.35,8.62,0.01,20.96,2272.74,9999,9999,9999,13.91,10.18,155.98,86.12,30.06,0,0,42.57,8.5,3.36,0,0.02,132.08,38.55,170.63,,,,,
2013,1361,4,74,1361.4,36.168932,-18.881692,1,8.15,8.4,6.31,0.01,10.59,1883.13,9999,9999,9999,8.38,7.32,154.05,40.94,14.96,0.22,0.13,12.79,2.65,5.88,0,0.02,59.85,17.74,77.59,,,,,
2013,1361,5,75,1361.5,36.168701,-18.881372,1,11.41,8,8.77,0.02,61.73,3571.43,9999,9999,9999,10.91,9.41,152.77,470.31,123.24,4.86,2.06,29,5.54,20.23,0,0.04,524.44,130.84,655.28,,,,,
2013,1382,1,76,1382.1,36.174246,-18.88302,6,11.33,17.2,12.88,0.01,34.98,2987.03,9999,9999,9999,13.56,12.92,152.77,192.05,62.32,1.84,0.86,1.78,0.44,37.33,0,0,233,63.61,296.61,,,,,
2013,1382,2,77,1382.2,36.174246,-18.88272,6,14.77,12.8,12,0.02,28.57,1428.58,10.12,0.37,153,13.16,12.75,156.62,174.37,53.19,0,0,0,0,14.19,0,0.03,188.6,53.19,241.79,,,,,
2013,1382,3,78,1382.3,36.174546,-18.88302,6,11.74,14.35,10.66,0.01,43.28,3116.88,16.08,13.65,154,13.89,13.11,154.69,262.4,80.97,13.59,5.96,1.22,0.25,15.39,0,0.06,292.66,87.17,379.84,,,,,
2013,1382,4,79,1382.4,36.174246,-18.88332,6,11.42,11.35,10.79,0.01,32.48,2467.54,9999,9999,9999,13.33,12.41,152.77,194.14,60.44,0,0,4.73,1.07,36.67,0,0.07,235.61,61.52,297.13,,,,,
2013,1382,5,80,1382.5,36.173946,-18.88302,6,10.91,10.8,10.3,0.01,19.11,1753.25,9999,9999,9999,13.91,12.86,151.48,103.35,33.62,0,0,17.62,3.69,17.07,0.04,0.03,138.11,37.31,175.42,,,,,
2013,9001,1,81,9001.1,36.264041,-18.831602,7,13.73,17.85,10.46,0.02,26.48,1103.9,20.57,11.52,154,23.81,20.51,153.41,178.56,49.1,6.59,3.01,64.76,10.76,36.15,0.11,1.61,287.78,62.87,350.66,,,,,
2013,9001,2,82,9001.2,36.264123,-18.831361,7,10.7,6,10.71,0.01,23.1,2077.92,16.48,10.49,154,18.91,16.7,123.88,129.17,40.93,0.76,0.39,14.44,3.02,10.98,0.15,1.46,156.96,44.34,201.3,,,,,
2013,9001,3,83,9001.3,36.264295,-18.831615,7,11.01,12.4,8.8,0.01,28.45,2272.73,18.52,9.97,154,17.42,15.97,117.46,158.48,48.93,3.46,1.62,10.68,1.9,44.39,0.12,1.5,218.63,52.45,271.09,,,,,
2013,9001,4,84,9001.4,36.264059,-18.831868,7,12.52,13.3,11.35,0.01,15.4,1168.83,23.12,14.85,154,16.68,14.94,152.77,81.42,26.7,8.94,3.97,3.58,0.79,20.84,0,1.34,116.12,31.46,147.58,,,,,
2013,9001,5,85,9001.5,36.263792,-18.831618,7,15.14,8,9.36,0.03,36.84,1103.9,19.43,12.91,150,27.24,20.32,154.05,262.27,69.39,6.22,2.79,71.92,10.14,11.09,0,0.47,351.97,82.32,434.29,,,,,
2013,9002,1,86,9002.1,36.26043,-18.850342,2,18.96,20.3,15.69,0.04,68.01,1688.32,21.85,18.68,152,18.47,17.35,152.13,429.9,129.48,0,0,0,0,11.2,0,0.33,504.43,129.48,633.9,,,,,
2013,9002,2,87,9002.2,36.26043,-18.850042,2,13.39,17.8,13.53,0.02,17.03,1103.9,24.02,19.5,155,19.2,18.46,152.13,86.14,27.75,0,0,71.73,7.46,53.38,0.32,1.27,212.83,35.2,248.03,,,,,
2013,8002,3,88,9002.3,36.26073,-18.850342,9999,9999,9999,9999,9999,9999,9999,19.9,16.26,155,17.59,15.07,152.77,9999,9999,9999,9999,9999,9999,9999,9999,9999,9999,9999,9999,,,,,
2013,9002,4,89,9002.4,36.26043,-18.850642,2,13.18,9999,9999,0.02,26.1,1558.45,21.77,19.01,153,17.35,15.92,152.13,139.41,43.47,0,0,5.93,1.26,19.9,0,0.05,165.29,44.73,210.02,,,,,
2013,9002,5,90,9002.5,36.26013,-18.850342,7,16.27,15.75,13.04,0.03,65.26,1948.06,21.91,18.55,156,17.22,16.25,155.33,505.98,133.04,0,0,0,0,15.03,0,0.53,521.54,133.04,654.58,,,,,
2013,9003,1,91,9003.1,36.275058,-18.875474,4,17.41,26.65,15.39,0.03,62.45,1883.12,23.31,16.96,154,23.29,22.73,152.77,367.67,104.49,0,0,15.88,2.92,9.61,0.3,0.12,393.58,107.42,500.99,,,,,
2013,9003,2,92,9003.2,36.275058,-18.875174,4,19.5,17.9,17.24,0.04,63.7,1753.25,25.92,21.57,155,25.53,24.8,153.41,356.15,103.11,0,0,9.37,1.02,21.34,0.07,1.47,388.41,104.13,492.55,,,,,
2013,9003,3,93,9003.3,36.275358,-18.875474,4,18.45,25.1,12.57,0.04,84.07,2142.86,24.25,18.49,153,23.49,21.77,154.05,517.1,142.84,0,0,0,0.06,4.05,0.03,1.42,522.6,142.9,665.5,,,,,
2013,9003,4,94,9003.4,36.275058,-18.875774,6,12.65,14.95,14.16,0.02,32.12,1883.12,19.22,16.06,150,17.88,17.11,151.48,170.26,51.85,0,0,36.17,6.41,6.99,0.31,1.96,215.69,58.26,273.94,,,,,
2013,9003,5,95,9003.5,36.274758,-18.875474,4,16.13,10.9,16.05,0.03,49.2,1948.05,22.7,17.83,147,24.23,21.39,152.77,258.6,77.83,0,0,17.51,2.61,4.39,0.02,0.2,280.73,80.44,361.16,,,,,
2013,9004,1,96,9004.1,36.18594,-18.833962,7,15.16,19.85,13.96,0.02,38.26,1753.25,18.98,15.95,153,17.84,15.68,154.69,239.68,71.82,3.74,1.71,0,0,2.02,0.03,1.43,246.91,73.53,320.44,,,,,
2013,9004,2,97,9004.2,36.18594,-18.833662,9999,9999,19.85,9999,9999,9999,9999,19.12,15.55,154,19.64,17.38,155.33,9999,9999,9999,9999,9999,9999,9999,9999,9999,9999,9999,9999,,,,,
2013,9004,3,98,9004.3,36.18624,-18.833962,7,13.47,10.7,11.75,0.02,17.51,1038.97,18.6,16.14,156,17.51,15.08,156.62,82.6,26.31,0,0,0,0,12.16,0.99,5.97,101.72,26.3,128.03,,,,,
2013,9004,4,99,9004.4,36.18594,-18.834262,3,12.47,12.6,7.76,0.02,9.49,584.42,17.39,14.74,155,16.14,13.41,153.41,41.66,13.03,2.48,1.31,0,0,4.73,0.59,1.95,51.4,14.34,65.74,,,,,
2013,9004,5,100,9004.5,36.18564,-18.833962,7,15.78,17.25,15.53,0.02,17.33,779.23,19.09,16.36,154,16.45,15.33,155.33,90.48,27.97,0.23,0.13,24.55,4.4,3.45,0.5,0.65,119.85,32.5,152.35,,,,,
2013,9005,1,101,9005.1,36.218115,-18.824439,7,11.7,15.8,9.76,0.01,68.75,5649.35,17.74,12.47,154,10.86,7.33,154.05,368.38,119.77,5.5,2.65,0,0,5.33,0.04,2.26,381.51,122.42,503.93,,,,,
2013,9005,2,102,9005.2,36.218115,-18.824139,7,12.36,11.05,11.06,0.01,54.69,3896.1,18.39,13.35,154,10.71,8.4,153.41,308.34,97.54,9.57,4.42,0,0,10.7,0.18,4.26,333.06,101.97,435.03,,,,,
2013,9005,3,103,9005.3,36.218415,-18.824439,7,10.79,9.5,7.44,0.01,38.98,3506.49,11.66,9.34,156,4.81,4.01,155.33,212.45,68.35,24.28,11.41,0.19,0.1,2.84,0.06,4.67,244.5,79.86,324.37,,,,,
2013,9005,4,104,9005.4,36.218115,-18.824739,7,11.03,10.4,10.24,0.01,55.63,4740.26,14.44,12.24,156,10.01,8.01,153.41,310.47,98.57,6.13,2.79,2.68,0.52,7.5,0.04,1.75,328.54,101.88,430.42,,,,,
2013,9005,5,105,9005.5,36.217815,-18.824439,7,10.2,11.05,8.32,0.01,51.89,4935.06,18.46,11.68,155,10.34,6.85,152.77,286.07,91.46,7.4,3.59,16.86,2.85,2.66,0.5,3.21,316.8,97.9,414.7,,,,,
2013,9006,1,106,9006.1,36.270942,-18.870643,3,10.21,14.85,10.96,0.01,24.05,2532.48,26.91,21.48,154,24.84,24.14,152.77,88.56,30.54,0,0,8.64,1.9,12.34,0,0.1,109.65,32.45,142.1,,,,,
2013,9006,2,107,9006.2,36.270942,-18.870343,4,11.18,12.4,10.85,0.01,30.17,2792.21,26.73,21.24,151,25.05,24.28,152.13,119.78,41.07,0,0,1.53,0.45,1.98,0,0.06,123.35,41.52,164.87,,,,,
2013,9006,3,108,9006.3,36.271242,-18.870643,9999,9999,9999,9999,9999,9999,9999,27.98,22.83,150,24.97,24.39,152.77,9999,9999,9999,9999,9999,9999,9999,9999,9999,9999,9999,9999,,,,,
2013,9006,4,109,9006.4,36.270942,-18.870943,9999,9999,9999,9999,9999,9999,9999,26.66,21.48,154,24.53,23.87,154.69,9999,9999,9999,9999,9999,9999,9999,9999,9999,9999,9999,9999,,,,,
2013,9006,5,110,9006.5,36.270642,-18.870643,4,10.52,13,13.61,0.01,35.13,3636.36,25.14,21.85,154,23.86,23.15,156.62,138.85,47.91,0.41,0.22,2.14,0.26,1.81,0,0.01,143.22,48.4,191.62,,,,,
2013,9007,1,111,9007.1,36.132373,-18.822449,9999,9999,9999,9999,9999,9999,9999,9999,9999,9999,15.77,15.2,155.98,9999,9999,9999,9999,9999,9999,9999,9999,9999,9999,9999,9999,,,,,
2013,9007,2,112,9007.2,36.132326,-18.82219,5,10.87,17.95,13.3,0.01,12.71,1298.71,9999,9999,9999,16.76,15.01,152.13,51.23,17.85,3.33,1.47,5.7,0.57,3.18,0,0.25,63.7,19.89,83.59,,,,,
2013,9007,3,113,9007.3,36.132549,-18.822381,5,10.2,13.65,11.71,0.01,15.42,1753.25,9999,9999,9999,15.83,15.05,153.41,66.79,23.21,4.61,1.96,6.46,0.84,4.13,0,0.29,82.28,26.01,108.29,,,,,
2013,9007,4,114,9007.4,36.132334,-18.822718,5,12.11,13.45,12.31,0.01,20.99,1558.44,9999,9999,9999,16.01,15.2,155.33,96.95,31.64,0,0,3.97,0.7,3.35,0,0.08,104.35,32.34,136.69,,,,,
2013,9007,5,115,9007.5,36.13205,-18.82251,5,13.25,9.4,13.19,0.01,40.91,2857.14,9999,9999,9999,13.54,12.53,153.41,178.96,59.84,0,0,9.4,1.3,0.51,0,0.33,189.2,61.13,250.33,,,,,
2013,9008,1,116,9008.1,36.128404,-18.812733,7,19.23,16.7,13.59,0.03,34.7,1038.97,9999,9999,9999,16.45,15.31,154.05,205.23,60.32,9.09,3.88,11.59,2.4,3.41,0,0.29,229.6,66.57,296.2,,,,,
2013,9008,2,117,9008.2,36.128439,-18.812486,7,12.83,15.9,9.97,0.02,12.51,649.35,9999,9999,9999,16.9,15.77,152.13,77.32,22.46,7.42,3.32,20.7,3.76,3.11,0,0.01,108.57,29.54,138.11,,,,,
2013,9008,3,118,9008.3,36.128636,-18.812747,2,15.1,10.1,12.63,0.02,18.43,844.16,9999,9999,9999,16.32,15.33,152.13,103.57,31.45,0,0,17.75,3.05,7.59,0,1.11,130.02,34.5,164.53,,,,,
2013,9008,4,119,9008.4,36.128445,-18.813068,9999,9999,9999,9999,9999,9999,9999,9999,9999,9999,17.4,16.7,152.77,9999,9999,9999,9999,9999,9999,9999,9999,9999,9999,9999,9999,,,,,
2013,9008,5,120,9008.5,36.128008,-18.812845,2,16.24,13.4,11.78,0.03,42.96,1623.38,9999,9999,9999,16.7,14.15,152.13,253.49,74.33,2.8,1.25,109.5,15.3,7.89,0,0.2,373.88,90.87,464.75,,,,,
2013,9009,1,121,9009.1,36.118808,-18.845133,2,14.72,17.8,11.82,0.02,42.1,1753.25,9999,9999,9999,15.93,14.69,155.98,245.86,71.19,0,0,1.81,0.31,0.73,0,0,248.39,71.5,319.9,,,,,
2013,9009,2,122,9009.2,36.118808,-18.844833,2,12.61,13.05,9.1,0.02,40.02,2207.8,9999,9999,9999,19.08,16.26,150.2,227.41,66.8,0,0,0,0,5.64,0,0.05,233.1,66.8,299.91,,,,,
2013,9009,3,123,9009.3,36.119108,-18.845133,2,12.51,9.55,11.3,0.02,26.26,1688.33,9999,9999,9999,17.67,16.96,152.77,131.01,40.85,0,0,4.95,0.92,2.67,0,0.07,138.7,41.77,180.47,,,,,
2013,9009,4,124,9009.4,36.118808,-18.845433,2,15.61,7.95,11.06,0.02,34.23,1493.51,9999,9999,9999,15.05,14.24,153.41,179.65,54.34,0,0,21.35,3.52,3.77,0,0.04,204.81,57.86,262.66,,,,,
2013,9009,5,125,9009.5,36.118508,-18.845133,2,16.92,10.2,11.63,0.03,33.92,1233.77,9999,9999,9999,19.49,15.39,152.13,188.99,55.8,0,0,15.96,3.48,7.64,0,0.14,212.73,59.29,272.01,,,,,
2013,9010,1,126,9010.1,36.177483,-18.891503,1,5.67,7.3,6.48,0,12.48,4870.13,9999,9999,9999,5.93,5.52,154.69,43.51,17.67,78.32,35.73,0.42,0.1,3.91,0,0.03,126.09,53.49,179.58,,,,,
2013,9010,2,127,9010.2,36.177332,-18.89125,1,6.25,6.2,6.9,0,21.03,6753.25,9999,9999,9999,6.78,6.34,152.13,76.69,30.43,60.36,27.03,1.85,0.43,6.57,0,0.04,145.51,57.89,203.4,,,,,
2013,9010,3,128,9010.3,36.177723,-18.8916,1,6.04,6.15,5.98,0,14.89,5129.87,9999,9999,9999,6.6,6.14,153.41,53.32,21.36,73.57,32.99,1.42,0.32,1.65,0,0.05,130,54.67,184.67,,,,,
2013,9010,4,129,9010.4,36.177337,-18.891803,1,5.77,6.95,5.34,0,11.32,4285.71,9999,9999,9999,5.85,5.42,153.41,39.58,16.05,49.76,22.59,0.45,0.1,5.69,0,0.07,95.56,38.75,134.31,,,,,
2013,9010,5,130,9010.5,36.177183,-18.891503,1,5.79,6.2,6.12,0,13.8,5194.81,9999,9999,9999,6.04,5.72,153.41,48.37,19.6,84.44,37.66,0.47,0.11,2.64,0,0.16,136.09,57.37,193.46,,,,,
2013,9011,1,131,9011.1,36.170079,-18.884576,6,11.75,14.65,10.74,0.01,33.36,2662.34,9999,9999,9999,12.57,12.28,152.77,186.65,60.23,3.23,1.42,4.17,0.9,1.5,0,0.04,195.59,62.56,258.15,,,,,
2013,9011,2,132,9011.2,36.170074,-18.884272,6,11.03,9.2,9.79,0.01,29.22,2727.28,9999,9999,9999,12.27,11.89,152.13,155.34,51.45,4.86,2.06,6.94,1.41,3.13,0,0.07,170.34,54.92,225.26,,,,,
2013,9011,3,133,9011.3,36.170379,-18.884576,6,13.18,10.55,12.04,0.02,32.01,2077.93,9999,9999,9999,13.67,12.73,152.77,188.05,59.07,0,0,3.9,0.78,2.41,0,0.1,194.46,59.86,254.32,,,,,
2013,9011,4,134,9011.4,36.170048,-18.884776,6,10.9,11.1,10.78,0.01,28.82,2727.28,9999,9999,9999,12.21,11.36,152.13,153.57,50.76,0,0,10.3,2.11,4.36,0,0,168.23,52.87,221.1,,,,,
2013,9011,5,135,9011.5,36.169838,-18.884551,6,10.28,11.5,11.02,0.01,15.4,1623.38,9999,9999,9999,12.4,11.93,152.13,80.4,26.78,0,0,6.02,1.33,7.26,0,0.03,93.71,28.11,121.83,,,,,
2013,9012,1,136,9012.1,36.16247,-18.895905,1,7.65,9.05,6.87,0.01,10.09,2012.99,9999,9999,9999,8.36,6.54,153.41,42.16,15.43,0,0,4.51,1.32,9.29,0,0.06,56.01,16.75,72.76,,,,,
2013,9012,2,137,9012.2,36.16247,-18.895605,1,10.23,6.7,8.63,0.01,31.4,2987.01,9999,9999,9999,9.72,9.04,153.41,136.64,44.8,0,0,4.22,0.98,11.99,0,0.07,152.92,45.78,198.7,,,,,
2013,9012,3,138,9012.3,36.16277,-18.895905,1,6.62,7.65,5.04,0,3.03,844.16,9999,9999,9999,10.8,4.51,155.98,11.06,4.3,1.96,0.94,0,0,2.72,0,0.03,15.77,5.24,21.01,,,,,
2013,9012,4,139,9012.4,36.16247,-18.896205,1,11.75,6.4,10.14,0.01,27.46,1948.07,9999,9999,9999,9.21,8.36,152.77,124.86,39.87,0,0,28.32,5.44,8.24,0,0.03,161.45,45.31,206.76,,,,,
2013,9012,5,140,9012.5,36.16217,-18.895905,3,10.62,6.45,9.01,0.01,24.52,2272.74,9999,9999,9999,9.51,9.11,152.13,103.77,34.63,1.36,0.67,5.52,1,13.08,0,0.32,124.05,36.31,160.35,,,,,
2013,9013,1,141,9013.1,36.21079,-18.873529,2,8.08,11.45,8.2,0.01,13.88,2402.6,11.82,9.84,152,9.68,8.71,154.05,51.02,18.54,0,0,2.38,0.59,9.29,0,0.07,62.76,19.13,81.88,,,,,
2013,9013,2,142,9013.2,36.21079,-18.873229,2,9.91,7.65,8.09,0.01,23.52,2402.6,11.97,9.75,154,9.2,7.9,153.41,103.97,33.97,0,0,1.1,0.28,13.64,0,0.49,119.2,34.25,153.45,,,,,
2013,9013,3,143,9013.3,36.21109,-18.873529,2,10.66,10.9,8.31,0.01,16.57,1558.45,12.06,9.48,153,10.15,9.07,153.41,79.45,26.1,0,0,1.86,0.38,4.2,0,0.05,85.56,26.48,112.04,,,,,
2013,9013,4,144,9013.4,36.21079,-18.873829,3,7.75,7.7,6.46,0.01,5.52,1038.96,10.65,5.89,152,8.9,6.92,152.13,17.45,6.49,0,0,3.54,0.87,1.66,0,0.06,22.71,7.36,30.07,,,,,
2013,9013,5,145,9013.5,36.21049,-18.873529,3,11.29,8.75,7.02,0.01,33.15,2597.42,13.26,7.35,155,11.26,7.99,152.77,144.99,46.19,0,0,0,0,14.68,0,0.04,159.71,46.19,205.9,,,,,
2013,9014,1,146,9014.1,36.205854,-18.881318,5,5.88,5.2,4.36,0,3.21,1168.83,5.46,3.96,155,2.89,2.74,155.33,9.46,3.89,10.98,5.14,0,0,0.04,0.01,0.04,20.54,9.03,29.56,,,,,
2013,9014,2,147,9014.2,36.205854,-18.881018,5,8.6,4,4.86,0.01,2.74,454.55,6.19,3.24,152,3.78,2.76,154.69,9.79,3.64,1.1,0.57,1.52,1.02,1.16,0,0.02,13.59,5.23,18.83,,,,,
2013,9014,3,148,9014.3,36.206154,-18.881318,5,7.05,4.6,3.33,0,1.06,259.74,4.4,2.97,150,2.29,1.98,152.13,3.49,1.35,0.36,0.21,0,0,0.26,0,0.08,4.19,1.56,5.75,,,,,
2013,9014,4,149,9014.4,36.205854,-18.881618,5,10.84,4.65,6.34,0.01,10.73,1103.9,11.22,6.57,155,7.36,5.96,152.13,43.25,15.08,0,0,0,0,1.48,0,0.06,44.79,15.08,59.87,,,,,
2013,9014,5,150,9014.5,36.205554,-18.881318,5,8.72,4.6,5.71,0.01,7.69,1168.83,7.4,4.13,152,4.53,3.43,151.48,29.16,10.48,0,0,0,0,0.03,0,0.05,29.25,10.48,39.73,,,,,
2013,9017,1,151,9017.1,36.186352,-18.869369,1,7.48,9.45,6.23,0,23.84,5129.87,7.77,4.35,156,4.75,3.96,152.13,94.57,35.4,7.46,3.24,2.8,0.8,2.01,0,0.13,106.97,39.45,146.42,,,,,
2013,9017,2,152,9017.2,36.186352,-18.869069,1,7.47,7.3,6.57,0,17.57,3831.17,9.94,6.44,156,7.69,6.52,153.41,71.17,26.72,3.01,1.45,0.39,0.09,3.61,0,0.04,78.22,28.25,106.48,,,,,
2013,9017,3,153,9017.3,36.186652,-18.869369,1,8.97,6.6,6.46,0.01,22.81,2532.48,8.87,7.44,154,7.33,6.48,155.98,124.73,38.25,2.38,1.2,15.95,5.04,8.33,0,0.17,151.56,44.49,196.05,,,,,
2013,9017,4,154,9017.4,36.186352,-18.869669,1,7,5.7,4.59,0,9.58,2337.66,6.88,4.76,153,4.55,4.04,155.98,36.51,13.87,0.31,0.17,2.34,0.53,2.48,0,0.17,41.82,14.57,56.38,,,,,
2013,9017,5,155,9017.5,36.186052,-18.869369,1,7.8,6.65,4.59,0.01,21.16,3896.1,6.2,4.97,152,4.45,3.98,153.41,85.3,30.65,1.57,0.74,0.81,0.21,2.8,0,0.04,90.53,31.61,122.14,,,,,
2013,9018,1,156,9018.1,36.182005,-18.865541,5,12.79,15.55,11.3,0.01,27.35,1883.12,13.96,11.98,150,13.22,12.79,154.69,121.49,39.68,0,0,1.07,0.32,1.83,0,0.06,124.46,40,164.46,,,,,
2013,9018,2,157,9018.2,36.182005,-18.865241,5,13.84,13.95,12.46,0.02,34.61,2142.86,15.65,12.97,155,15.43,14.57,152.77,158.33,51.68,0,0,10.83,1.61,3.28,0,0.02,172.47,53.29,225.76,,,,,
2013,9018,3,158,9018.3,36.182305,-18.865541,3,12.5,10.65,9.89,0.01,34.84,2467.54,12.89,11.22,155,12.8,12.27,154.69,149.49,49,0,0,6.92,1.6,3.2,0,0.05,159.66,50.59,210.25,,,,,
2013,9018,4,159,9018.4,36.182005,-18.865841,3,12.9,14.2,9.97,0.02,35.75,2012.99,14.08,10.89,154,12.94,12.47,152.77,182.92,54.15,0,0,3.34,0.86,2.71,0,0.06,189.03,55,244.04,,,,,
2013,9018,5,160,9018.5,36.181705,-18.865541,5,14.55,8.4,11.07,0.02,31.95,1688.32,14.02,11.84,155,13.81,13.02,152.13,154.14,48.75,0,0,20.77,3.56,20.83,0,0.24,195.97,52.32,248.29,,,,,
2013,9019,1,161,9019.1,36.185503,-18.881049,1,7.44,7.3,5.71,0,15.55,3311.7,7.94,6.38,151,5.39,4.54,152.77,55.35,20.89,4.65,2.32,2.05,0.51,3.94,0,0.08,66.06,23.72,89.78,,,,,
2013,9019,2,162,9019.2,36.185418,-18.880766,1,6.22,6.15,4.42,0,4.98,1558.45,7.73,5.13,155,5.02,4.06,152.77,17.81,6.97,1.85,0.97,1.14,0.28,1.89,0,0.01,22.72,8.22,30.94,,,,,
2013,9019,3,163,9019.3,36.185733,-18.881006,5,10.26,6.25,5,0.01,22.9,2012.99,10.56,7.51,155,6.64,4.06,155.98,113.57,35.67,0,0,3.04,0.74,1.5,0,0.04,118.15,36.41,154.55,,,,,
2013,9019,4,164,9019.4,36.185507,-18.881299,6,7.11,4.85,5.23,0,8.08,1883.13,7.45,5.67,154,5.47,4.57,154.69,30.97,11.68,15.84,4.6,1.15,0.26,1.53,0,0.11,49.61,19.54,69.15,,,,,
2013,9019,5,165,9019.5,36.18522,-18.881905,3,9.39,6.2,7.82,0.01,19.04,2532.48,11.17,9.54,155,8.8,7.9,152.13,67.47,24.32,0.74,0.38,0.34,0.3,11.01,0,0.04,80.77,24.99,105.76,,,,,
2013,9020,1,166,9020.1,36.221288,-18.864463,5,9.84,10.45,8.25,0.01,15.63,1818.19,11.06,9.23,156,8.14,7.06,154.05,63.95,22.14,0,0,2.97,0.1,2.87,0.03,0.34,70.16,23.1,93.26,,,,,
2013,9020,2,167,9020.2,36.221284,-18.864215,2,9.24,9.05,6.64,0.01,2.43,324.68,10.04,4.7,154,7.12,5.99,155.33,9.88,3.48,0.3,0.17,0,0,2.52,0,0,12.7,3.65,16.35,,,,,
2013,9020,3,168,9020.3,36.221487,-18.864492,5,7.64,8.45,7.12,0,10.58,2207.79,10.38,7.82,153,7.34,6.48,153.41,36.24,13.78,3.86,1.67,7.39,1.94,2.2,0,0,49.69,17.39,67.08,,,,,
2013,9020,4,169,9020.4,36.221243,-18.864724,5,9.55,9.5,8.14,0.01,22.96,2857.15,12.63,8.62,154,10.41,8.73,152.77,88.83,31.17,1.57,0.85,3.2,0.74,6.28,0,0,99.87,32.76,132.63,,,,,
2013,9020,5,170,9020.5,36.220993,-18.864466,5,6.77,8.85,5.27,0,3.6,974.04,6.29,4.15,153,7.33,5.55,156.62,11.36,4.49,4.49,2.18,12.29,3,1.81,0,0,29.95,9.67,39.62,,,,,
2013,9021,1,171,9021.1,36.141405,-18.868706,6,12.22,13,10.63,0.01,27.8,1948.06,9999,9999,9999,13.08,12.75,154.69,164.39,51.53,0,0,13.54,3.08,1.5,0,0.16,180.14,54.61,234.76,,,,,
2013,9021,2,172,9021.2,36.141405,-18.868406,6,13.6,10,10.36,0.02,42.31,2272.74,9999,9999,9999,12.87,12.37,154.05,270.52,81.15,5.09,2.29,1.74,0.4,2.16,0,0.15,279.66,83.84,363.49,,,,,
2013,9021,3,173,9021.3,36.141705,-18.868706,6,14.09,12,10.79,0.02,39.36,2272.73,9999,9999,9999,13.33,12.27,152.77,232.87,73.03,0,0,16.83,2.89,5.67,0,0.24,255.61,75.93,331.54,,,,,
2013,9021,4,174,9021.4,36.141405,-18.869006,6,13.19,11.75,10.81,0.01,48.12,3246.76,9999,9999,9999,12.9,12.57,153.41,267.61,86.04,0,0,2,0.4,8.13,0,0.41,278.15,86.44,364.59,,,,,
2013,9021,5,175,9021.5,36.141105,-18.868706,6,13.01,12.25,9.75,0.02,34.05,2012.99,9999,9999,9999,12.68,12.02,152.13,214.3,65.06,0,0,6.33,1.37,18.45,0,0.74,239.81,66.42,306.23,,,,,
2013,9022,1,176,9022.1,36.132076,-18.84346,5,9.86,9.8,6.69,0.01,8.73,1038.96,9999,9999,9999,8.2,7.01,153.41,34.78,12.19,0,0,9.43,2.47,3.31,0,0.08,47.6,14.66,62.27,,,,,
2013,9022,2,177,9022.2,36.132027,-18.843199,10,10.81,5.5,5.61,0.01,10.5,974.03,9999,9999,9999,5.45,4.87,154.05,48.62,16.04,0,0,1.74,0.4,11.91,0.02,0.04,62.32,16.44,78.76,,,,,
2013,9022,3,178,9022.3,36.13238,-18.843516,5,13.69,7.3,7.46,0.02,32.59,1493.51,9999,9999,9999,13.72,6.68,151.48,189.55,54.38,0,0,49.18,11.84,8.45,0,0.12,247.29,66.22,313.51,,,,,
2013,9022,4,179,9022.4,36.132137,-18.843699,1,10.69,5.75,7.2,0.01,11.14,974.04,9999,9999,9999,8.81,7.83,152.77,52.9,17.11,0,0,49.28,10.89,8.59,0,0.04,110.81,28,138.81,,,,,
2013,9022,5,180,9022.5,36.131863,-18.8434384,5,8.26,5.9,5.75,0.01,6.71,1168.83,9999,9999,9999,6.77,5.16,153.41,24.2,8.94,0,0,1.28,0.33,1.2,0,0.14,26.82,9.28,36.1,,,,,
2013,9023,1,181,9023.1,36.152977,-18.88562,6,10.78,13,9.95,0.01,36.69,3441.56,9999,9999,9999,10.71,10.3,151.48,199.72,65.07,8.03,3.45,10.35,2.32,1.87,0,0.07,219.96,70.85,290.8,,,,,
2013,9023,2,182,9023.2,36.153033,-18.885389,6,10.62,11.2,10.3,0.01,39.23,3571.43,9999,9999,9999,11.15,10.61,154.05,213.43,68.89,3.21,1.5,5.47,1.33,2.7,0,0.05,224.86,71.73,296.59,,,,,
2013,9023,3,183,9023.3,36.15351,-18.885393,6,10.55,9.25,8.58,0.01,40.6,3701.31,9999,9999,9999,10.5,9.52,153.41,223.93,71.49,3.1,1.37,5.9,2.87,2.31,0,0.05,235.29,75.73,311.02,,,,,
2013,9023,4,184,9023.4,36.152977,-18.88592,6,12.17,10.25,10.13,0.01,29.67,2207.79,9999,9999,9999,12.33,11.32,152.13,168.6,53.93,3.1,1.37,2.75,0.53,8.93,0,0.02,183.4,55.83,239.23,,,,,
2013,9023,5,185,9023.5,36.152677,-18.88562,6,13.69,8.7,11.03,0.02,37.37,2142.86,9999,9999,9999,12.47,12.08,156.62,228.98,70.59,0,0,15.5,3.08,1.7,0,0.04,246.23,73.67,319.9,,,,,
2013,9024,1,186,9024.1,36.211684,-18.823362,7,13.29,16.95,12.1,0.02,31.5,1883.12,11.87,8.75,153,10.05,8.92,152.77,186.56,57.53,0,0,0.24,0.11,0.18,0,0.68,187.66,57.64,245.31,,,,,
2013,9024,2,187,9024.2,36.211684,-18.823062,7,10.05,10.45,8.88,0.01,20.18,2077.92,14.38,10.36,154,20.49,11.55,152.13,107.2,34.95,9.32,4.19,0,0,1.53,0,0.95,119.01,39.14,158.15,,,,,
2013,9024,3,188,9024.3,36.211984,-18.823362,7,8.09,12.45,6.58,0.01,12.85,2012.99,12.92,10.62,153,9999,9999,9999,65.26,21.66,13.54,6.1,0,0,2.86,0,0,81.66,27.77,109.43,,,,,
2013,9024,4,189,9024.4,36.211684,-18.823662,3,14.29,14.8,10.49,0.02,26.23,1298.7,15.6,11.86,152,13.01,11.77,46.22,117.48,36.38,0,0,1.86,0.42,4.29,0,0.04,124.05,36.81,160.86,,,,,
2013,9024,5,190,9024.5,36.211384,-18.823362,9999,9999,9999,9999,9999,9999,9999,11.27,8.28,154,9.59,9.16,155.98,9999,9999,9999,9999,9999,9999,9999,9999,9999,9999,9999,9999,,,,,
2013,9025,1,191,9025.1,36.278995,-18.851282,4,17.93,26.65,13.82,0.04,45.99,1233.77,26.24,18.88,154,25.7,24.15,152.77,277.86,77.04,0,0,0,0,1.12,0,0.35,279.33,77.04,356.37,,,,,
2013,9025,2,192,9025.2,36.278995,-18.850982,4,13.23,17.8,9.85,0.02,30.32,1233.77,27.17,19.02,152,23.85,23.16,153.41,184.96,50.85,0,0,0,0,3.67,0,2.35,190.97,50.85,241.83,,,,,
2013,9025,3,193,9025.3,36.279295,-18.851282,4,16.13,14.35,15.51,0.03,55.01,2077.92,26.47,21.63,154,25.78,25.06,154.05,269.77,87.23,0,0,0,0,2.36,0,0.79,299.92,87.23,387.15,,,,,
2013,9025,4,194,9025.4,36.278995,-18.851582,4,20.98,18.05,16.25,0.05,62.97,1233.77,25.81,19.57,154,25.42,24.77,153.41,405.99,109.04,1.17,0.57,0,0,0.95,0.09,0.99,409.19,109.61,518.8,,,,,
2013,9025,5,195,9025.5,36.278695,-18.851282,4,11.26,14.25,9.06,0.02,21.05,1363.64,24.25,18.34,154,23.04,22.18,153.41,115.56,34.1,0,0,0,0,1.48,0.11,1.04,118.18,34.1,152.28,,,,,
2013,9027,1,196,9027.1,36.166532,-18.860388,1,17.6,18.75,16,0.03,33.78,1233.78,18.12,14.14,153,16.79,15.92,154.05,187.55,56.66,0.13,0.08,26.15,6.48,12.54,0,0.04,226.42,63.22,289.63,,,,,
2013,9027,2,197,9027.2,36.166532,-18.860088,2,20.72,16.05,13.98,0.04,31.73,844.16,18.12,14.77,151,15.42,14.55,152.13,187.27,54.67,0,0,0.44,0.1,3.34,2.11,0.04,193.21,54.77,247.98,,,,,
2013,9027,3,198,9027.3,36.166832,-18.860388,3,12.44,13.25,11.4,0.01,69.74,4675.33,18.48,15.83,153,15.47,14.93,153.41,330.99,104.93,0,0,4.75,1.09,5.61,0,0.02,341.36,106.02,447.38,,,,,
2013,9027,4,199,9027.4,36.166532,-18.860688,2,19.63,16.1,14.52,0.03,46.15,1363.64,17.67,14.47,153,14.85,14.35,154.05,273.88,80.67,0,0,0,0,7.39,0,0.61,281.88,80.67,362.55,,,,,
2013,9027,5,200,9027.5,36.166232,-18.860388,1,18.2,14.45,12.87,0.03,31.63,1168.83,17.41,12.73,155,13.54,12.9,152.13,183.63,56.14,0,0,3.02,1.1,10.06,1.11,0.08,197.9,57.24,255.14,,,,,
,,,,,,,,,,,,,,,,,,,,,,,,,,,,,,,,,,,,
,,,,,,,,,,,,,,,,,,,,,,,,,,,,,,,,,,,,
,,,,,,,,,,,,,,,,,,,,,,,,,,,,,,,,,,,,
,,,,,,,,,,,,,,,,,,,,,,,,,,,,,,,,,,,,
,,,,,,,,,,,,,,,,,,,,,,,,,,,,,,,,,,,,
,,,,,,,,,,,,,,,,,,,,,,,,,,,,,,,,,,,,
,,,,,,,,,,,,,,,,,,,,,,,,,,,,,,,,,,,,
,,,,,,,,,,,,,,,,,,,,,,,,,,,,,,,,,,,,
,,,,,,,,,,,,,,,,,,,,,,,,,,,,,,,,,,,,
,,,,,,,,,,,,,,,,,,,,,,,,,,,,,,,,,,,,
,,,,,,,,,,,,,,,,,,,,,,,,,,,,,,,,,,,,
,,,,,,,,,,,,,,,,,,,,,,,,,,,,,,,,,,,,
,,,,,,,,,,,,,,,,,,,,,,,,,,,,,,,,,,,,
,,,,,,,,,,,,,,,,,,,,,,,,,,,,,,,,,,,,
,,,,,,,,,,,,,,,,,,,,,,,,,,,,,,,,,,,,
,,,,,,,,,,,,,,,,,,,,,,,,,,,,,,,,,,,,
,,,,,,,,,,,,,,,,,,,,,,,,,,,,,,,,,,,,
,,,,,,,,,,,,,,,,,,,,,,,,,,,,,,,,,,,,
,,,,,,,,,,,,,,,,,,,,,,,,,,,,,,,,,,,,
,,,,,,,,,,,,,,,,,,,,,,,,,,,,,,,,,,,,
,,,,,,,,,,,,,,,,,,,,,,,,,,,,,,,,,,,,
,,,,,,,,,,,,,,,,,,,,,,,,,,,,,,,,,,,,
,,,,,,,,,,,,,,,,,,,,,,,,,,,,,,,,,,,,
,,,,,,,,,,,,,,,,,,,,,,,,,,,,,,,,,,,,
,,,,,,,,,,,,,,,,,,,,,,,,,,,,,,,,,,,,
,,,,,,,,,,,,,,,,,,,,,,,,,,,,,,,,,,,,
,,,,,,,,,,,,,,,,,,,,,,,,,,,,,,,,,,,,
,,,,,,,,,,,,,,,,,,,,,,,,,,,,,,,,,,,,
,,,,,,,,,,,,,,,,,,,,,,,,,,,,,,,,,,,,
,,,,,,,,,,,,,,,,,,,,,,,,,,,,,,,,,,,,
,,,,,,,,,,,,,,,,,,,,,,,,,,,,,,,,,,,,
,,,,,,,,,,,,,,,,,,,,,,,,,,,,,,,,,,,,
,,,,,,,,,,,,,,,,,,,,,,,,,,,,,,,,,,,,
,,,,,,,,,,,,,,,,,,,,,,,,,,,,,,,,,,,,
,,,,,,,,,,,,,,,,,,,,,,,,,,,,,,,,,,,,
,,,,,,,,,,,,,,,,,,,,,,,,,,,,,,,,,,,,
,,,,,,,,,,,,,,,,,,,,,,,,,,,,,,,,,,,,
,,,,,,,,,,,,,,,,,,,,,,,,,,,,,,,,,,,,
,,,,,,,,,,,,,,,,,,,,,,,,,,,,,,,,,,,,
,,,,,,,,,,,,,,,,,,,,,,,,,,,,,,,,,,,,
,,,,,,,,,,,,,,,,,,,,,,,,,,,,,,,,,,,,
,,,,,,,,,,,,,,,,,,,,,,,,,,,,,,,,,,,,
,,,,,,,,,,,,,,,,,,,,,,,,,,,,,,,,,,,,
,,,,,,,,,,,,,,,,,,,,,,,,,,,,,,,,,,,,
,,,,,,,,,,,,,,,,,,,,,,,,,,,,,,,,,,,,
,,,,,,,,,,,,,,,,,,,,,,,,,,,,,,,,,,,,
,,,,,,,,,,,,,,,,,,,,,,,,,,,,,,,,,,,,
,,,,,,,,,,,,,,,,,,,,,,,,,,,,,,,,,,,,
,,,,,,,,,,,,,,,,,,,,,,,,,,,,,,,,,,,,
,,,,,,,,,,,,,,,,,,,,,,,,,,,,,,,,,,,,
,,,,,,,,,,,,,,,,,,,,,,,,,,,,,,,,,,,,
,,,,,,,,,,,,,,,,,,,,,,,,,,,,,,,,,,,,
,,,,,,,,,,,,,,,,,,,,,,,,,,,,,,,,,,,,
,,,,,,,,,,,,,,,,,,,,,,,,,,,,,,,,,,,,
,,,,,,,,,,,,,,,,,,,,,,,,,,,,,,,,,,,,
,,,,,,,,,,,,,,,,,,,,,,,,,,,,,,,,,,,,
,,,,,,,,,,,,,,,,,,,,,,,,,,,,,,,,,,,,
,,,,,,,,,,,,,,,,,,,,,,,,,,,,,,,,,,,,
,,,,,,,,,,,,,,,,,,,,,,,,,,,,,,,,,,,,
,,,,,,,,,,,,,,,,,,,,,,,,,,,,,,,,,,,,
,,,,,,,,,,,,,,,,,,,,,,,,,,,,,,,,,,,,
,,,,,,,,,,,,,,,,,,,,,,,,,,,,,,,,,,,,
,,,,,,,,,,,,,,,,,,,,,,,,,,,,,,,,,,,,
,,,,,,,,,,,,,,,,,,,,,,,,,,,,,,,,,,,,
,,,,,,,,,,,,,,,,,,,,,,,,,,,,,,,,,,,,
,,,,,,,,,,,,,,,,,,,,,,,,,,,,,,,,,,,,
,,,,,,,,,,,,,,,,,,,,,,,,,,,,,,,,,,,,
,,,,,,,,,,,,,,,,,,,,,,,,,,,,,,,,,,,,
,,,,,,,,,,,,,,,,,,,,,,,,,,,,,,,,,,,,
,,,,,,,,,,,,,,,,,,,,,,,,,,,,,,,,,,,,
,,,,,,,,,,,,,,,,,,,,,,,,,,,,,,,,,,,,
,,,,,,,,,,,,,,,,,,,,,,,,,,,,,,,,,,,,
,,,,,,,,,,,,,,,,,,,,,,,,,,,,,,,,,,,,
,,,,,,,,,,,,,,,,,,,,,,,,,,,,,,,,,,,,
,,,,,,,,,,,,,,,,,,,,,,,,,,,,,,,,,,,,
,,,,,,,,,,,,,,,,,,,,,,,,,,,,,,,,,,,,
,,,,,,,,,,,,,,,,,,,,,,,,,,,,,,,,,,,,
,,,,,,,,,,,,,,,,,,,,,,,,,,,,,,,,,,,,
,,,,,,,,,,,,,,,,,,,,,,,,,,,,,,,,,,,,
,,,,,,,,,,,,,,,,,,,,,,,,,,,,,,,,,,,,
,,,,,,,,,,,,,,,,,,,,,,,,,,,,,,,,,,,,
,,,,,,,,,,,,,,,,,,,,,,,,,,,,,,,,,,,,
,,,,,,,,,,,,,,,,,,,,,,,,,,,,,,,,,,,,
,,,,,,,,,,,,,,,,,,,,,,,,,,,,,,,,,,,,
,,,,,,,,,,,,,,,,,,,,,,,,,,,,,,,,,,,,
,,,,,,,,,,,,,,,,,,,,,,,,,,,,,,,,,,,,
,,,,,,,,,,,,,,,,,,,,,,,,,,,,,,,,,,,,
,,,,,,,,,,,,,,,,,,,,,,,,,,,,,,,,,,,,
,,,,,,,,,,,,,,,,,,,,,,,,,,,,,,,,,,,,
,,,,,,,,,,,,,,,,,,,,,,,,,,,,,,,,,,,,
,,,,,,,,,,,,,,,,,,,,,,,,,,,,,,,,,,,,
,,,,,,,,,,,,,,,,,,,,,,,,,,,,,,,,,,,,
,,,,,,,,,,,,,,,,,,,,,,,,,,,,,,,,,,,,
,,,,,,,,,,,,,,,,,,,,,,,,,,,,,,,,,,,,
,,,,,,,,,,,,,,,,,,,,,,,,,,,,,,,,,,,,
,,,,,,,,,,,,,,,,,,,,,,,,,,,,,,,,,,,,
,,,,,,,,,,,,,,,,,,,,,,,,,,,,,,,,,,,,
,,,,,,,,,,,,,,,,,,,,,,,,,,,,,,,,,,,,
,,,,,,,,,,,,,,,,,,,,,,,,,,,,,,,,,,,,
,,,,,,,,,,,,,,,,,,,,,,,,,,,,,,,,,,,,
,,,,,,,,,,,,,,,,,,,,,,,,,,,,,,,,,,,,
,,,,,,,,,,,,,,,,,,,,,,,,,,,,,,,,,,,,
,,,,,,,,,,,,,,,,,,,,,,,,,,,,,,,,,,,,
,,,,,,,,,,,,,,,,,,,,,,,,,,,,,,,,,,,,
,,,,,,,,,,,,,,,,,,,,,,,,,,,,,,,,,,,,
,,,,,,,,,,,,,,,,,,,,,,,,,,,,,,,,,,,,
,,,,,,,,,,,,,,,,,,,,,,,,,,,,,,,,,,,,
,,,,,,,,,,,,,,,,,,,,,,,,,,,,,,,,,,,,
,,,,,,,,,,,,,,,,,,,,,,,,,,,,,,,,,,,,
,,,,,,,,,,,,,,,,,,,,,,,,,,,,,,,,,,,,
,,,,,,,,,,,,,,,,,,,,,,,,,,,,,,,,,,,,
,,,,,,,,,,,,,,,,,,,,,,,,,,,,,,,,,,,,
,,,,,,,,,,,,,,,,,,,,,,,,,,,,,,,,,,,,
,,,,,,,,,,,,,,,,,,,,,,,,,,,,,,,,,,,,
,,,,,,,,,,,,,,,,,,,,,,,,,,,,,,,,,,,,
,,,,,,,,,,,,,,,,,,,,,,,,,,,,,,,,,,,,
,,,,,,,,,,,,,,,,,,,,,,,,,,,,,,,,,,,,
,,,,,,,,,,,,,,,,,,,,,,,,,,,,,,,,,,,,
,,,,,,,,,,,,,,,,,,,,,,,,,,,,,,,,,,,,
,,,,,,,,,,,,,,,,,,,,,,,,,,,,,,,,,,,,
,,,,,,,,,,,,,,,,,,,,,,,,,,,,,,,,,,,,
,,,,,,,,,,,,,,,,,,,,,,,,,,,,,,,,,,,,
,,,,,,,,,,,,,,,,,,,,,,,,,,,,,,,,,,,,
,,,,,,,,,,,,,,,,,,,,,,,,,,,,,,,,,,,,
,,,,,,,,,,,,,,,,,,,,,,,,,,,,,,,,,,,,
,,,,,,,,,,,,,,,,,,,,,,,,,,,,,,,,,,,,
,,,,,,,,,,,,,,,,,,,,,,,,,,,,,,,,,,,,
,,,,,,,,,,,,,,,,,,,,,,,,,,,,,,,,,,,,
,,,,,,,,,,,,,,,,,,,,,,,,,,,,,,,,,,,,
,,,,,,,,,,,,,,,,,,,,,,,,,,,,,,,,,,,,
,,,,,,,,,,,,,,,,,,,,,,,,,,,,,,,,,,,,
,,,,,,,,,,,,,,,,,,,,,,,,,,,,,,,,,,,,
,,,,,,,,,,,,,,,,,,,,,,,,,,,,,,,,,,,,
,,,,,,,,,,,,,,,,,,,,,,,,,,,,,,,,,,,,
,,,,,,,,,,,,,,,,,,,,,,,,,,,,,,,,,,,,
,,,,,,,,,,,,,,,,,,,,,,,,,,,,,,,,,,,,
,,,,,,,,,,,,,,,,,,,,,,,,,,,,,,,,,,,,
,,,,,,,,,,,,,,,,,,,,,,,,,,,,,,,,,,,,
,,,,,,,,,,,,,,,,,,,,,,,,,,,,,,,,,,,,
,,,,,,,,,,,,,,,,,,,,,,,,,,,,,,,,,,,,
,,,,,,,,,,,,,,,,,,,,,,,,,,,,,,,,,,,,
,,,,,,,,,,,,,,,,,,,,,,,,,,,,,,,,,,,,
,,,,,,,,,,,,,,,,,,,,,,,,,,,,,,,,,,,,
,,,,,,,,,,,,,,,,,,,,,,,,,,,,,,,,,,,,
,,,,,,,,,,,,,,,,,,,,,,,,,,,,,,,,,,,,
,,,,,,,,,,,,,,,,,,,,,,,,,,,,,,,,,,,,
,,,,,,,,,,,,,,,,,,,,,,,,,,,,,,,,,,,,
,,,,,,,,,,,,,,,,,,,,,,,,,,,,,,,,,,,,
,,,,,,,,,,,,,,,,,,,,,,,,,,,,,,,,,,,,
,,,,,,,,,,,,,,,,,,,,,,,,,,,,,,,,,,,,
,,,,,,,,,,,,,,,,,,,,,,,,,,,,,,,,,,,,
,,,,,,,,,,,,,,,,,,,,,,,,,,,,,,,,,,,,
,,,,,,,,,,,,,,,,,,,,,,,,,,,,,,,,,,,,
,,,,,,,,,,,,,,,,,,,,,,,,,,,,,,,,,,,,
,,,,,,,,,,,,,,,,,,,,,,,,,,,,,,,,,,,,
,,,,,,,,,,,,,,,,,,,,,,,,,,,,,,,,,,,,
,,,,,,,,,,,,,,,,,,,,,,,,,,,,,,,,,,,,
,,,,,,,,,,,,,,,,,,,,,,,,,,,,,,,,,,,,
,,,,,,,,,,,,,,,,,,,,,,,,,,,,,,,,,,,,
,,,,,,,,,,,,,,,,,,,,,,,,,,,,,,,,,,,,
,,,,,,,,,,,,,,,,,,,,,,,,,,,,,,,,,,,,
,,,,,,,,,,,,,,,,,,,,,,,,,,,,,,,,,,,,
,,,,,,,,,,,,,,,,,,,,,,,,,,,,,,,,,,,,
,,,,,,,,,,,,,,,,,,,,,,,,,,,,,,,,,,,,
,,,,,,,,,,,,,,,,,,,,,,,,,,,,,,,,,,,,
,,,,,,,,,,,,,,,,,,,,,,,,,,,,,,,,,,,,
,,,,,,,,,,,,,,,,,,,,,,,,,,,,,,,,,,,,
,,,,,,,,,,,,,,,,,,,,,,,,,,,,,,,,,,,,
,,,,,,,,,,,,,,,,,,,,,,,,,,,,,,,,,,,,
,,,,,,,,,,,,,,,,,,,,,,,,,,,,,,,,,,,,
,,,,,,,,,,,,,,,,,,,,,,,,,,,,,,,,,,,,
,,,,,,,,,,,,,,,,,,,,,,,,,,,,,,,,,,,,
,,,,,,,,,,,,,,,,,,,,,,,,,,,,,,,,,,,,
,,,,,,,,,,,,,,,,,,,,,,,,,,,,,,,,,,,,
,,,,,,,,,,,,,,,,,,,,,,,,,,,,,,,,,,,,
,,,,,,,,,,,,,,,,,,,,,,,,,,,,,,,,,,,,
,,,,,,,,,,,,,,,,,,,,,,,,,,,,,,,,,,,,
,,,,,,,,,,,,,,,,,,,,,,,,,,,,,,,,,,,,
,,,,,,,,,,,,,,,,,,,,,,,,,,,,,,,,,,,,
,,,,,,,,,,,,,,,,,,,,,,,,,,,,,,,,,,,,
,,,,,,,,,,,,,,,,,,,,,,,,,,,,,,,,,,,,
,,,,,,,,,,,,,,,,,,,,,,,,,,,,,,,,,,,,
,,,,,,,,,,,,,,,,,,,,,,,,,,,,,,,,,,,,
,,,,,,,,,,,,,,,,,,,,,,,,,,,,,,,,,,,,
,,,,,,,,,,,,,,,,,,,,,,,,,,,,,,,,,,,,
,,,,,,,,,,,,,,,,,,,,,,,,,,,,,,,,,,,,
,,,,,,,,,,,,,,,,,,,,,,,,,,,,,,,,,,,,
,,,,,,,,,,,,,,,,,,,,,,,,,,,,,,,,,,,,
,,,,,,,,,,,,,,,,,,,,,,,,,,,,,,,,,,,,
,,,,,,,,,,,,,,,,,,,,,,,,,,,,,,,,,,,,
,,,,,,,,,,,,,,,,,,,,,,,,,,,,,,,,,,,,
,,,,,,,,,,,,,,,,,,,,,,,,,,,,,,,,,,,,
,,,,,,,,,,,,,,,,,,,,,,,,,,,,,,,,,,,,
,,,,,,,,,,,,,,,,,,,,,,,,,,,,,,,,,,,,
,,,,,,,,,,,,,,,,,,,,,,,,,,,,,,,,,,,,
,,,,,,,,,,,,,,,,,,,,,,,,,,,,,,,,,,,,
,,,,,,,,,,,,,,,,,,,,,,,,,,,,,,,,,,,,
,,,,,,,,,,,,,,,,,,,,,,,,,,,,,,,,,,,,
,,,,,,,,,,,,,,,,,,,,,,,,,,,,,,,,,,,,
,,,,,,,,,,,,,,,,,,,,,,,,,,,,,,,,,,,,
,,,,,,,,,,,,,,,,,,,,,,,,,,,,,,,,,,,,
,,,,,,,,,,,,,,,,,,,,,,,,,,,,,,,,,,,,
,,,,,,,,,,,,,,,,,,,,,,,,,,,,,,,,,,,,
,,,,,,,,,,,,,,,,,,,,,,,,,,,,,,,,,,,,
,,,,,,,,,,,,,,,,,,,,,,,,,,,,,,,,,,,,
,,,,,,,,,,,,,,,,,,,,,,,,,,,,,,,,,,,,
,,,,,,,,,,,,,,,,,,,,,,,,,,,,,,,,,,,,
,,,,,,,,,,,,,,,,,,,,,,,,,,,,,,,,,,,,
,,,,,,,,,,,,,,,,,,,,,,,,,,,,,,,,,,,,
,,,,,,,,,,,,,,,,,,,,,,,,,,,,,,,,,,,,
,,,,,,,,,,,,,,,,,,,,,,,,,,,,,,,,,,,,
,,,,,,,,,,,,,,,,,,,,,,,,,,,,,,,,,,,,
,,,,,,,,,,,,,,,,,,,,,,,,,,,,,,,,,,,,
,,,,,,,,,,,,,,,,,,,,,,,,,,,,,,,,,,,,
,,,,,,,,,,,,,,,,,,,,,,,,,,,,,,,,,,,,
,,,,,,,,,,,,,,,,,,,,,,,,,,,,,,,,,,,,
,,,,,,,,,,,,,,,,,,,,,,,,,,,,,,,,,,,,
,,,,,,,,,,,,,,,,,,,,,,,,,,,,,,,,,,,,
,,,,,,,,,,,,,,,,,,,,,,,,,,,,,,,,,,,,
,,,,,,,,,,,,,,,,,,,,,,,,,,,,,,,,,,,,
,,,,,,,,,,,,,,,,,,,,,,,,,,,,,,,,,,,,
,,,,,,,,,,,,,,,,,,,,,,,,,,,,,,,,,,,,
,,,,,,,,,,,,,,,,,,,,,,,,,,,,,,,,,,,,
,,,,,,,,,,,,,,,,,,,,,,,,,,,,,,,,,,,,
,,,,,,,,,,,,,,,,,,,,,,,,,,,,,,,,,,,,
,,,,,,,,,,,,,,,,,,,,,,,,,,,,,,,,,,,,
,,,,,,,,,,,,,,,,,,,,,,,,,,,,,,,,,,,,
,,,,,,,,,,,,,,,,,,,,,,,,,,,,,,,,,,,,
,,,,,,,,,,,,,,,,,,,,,,,,,,,,,,,,,,,,
,,,,,,,,,,,,,,,,,,,,,,,,,,,,,,,,,,,,
,,,,,,,,,,,,,,,,,,,,,,,,,,,,,,,,,,,,
,,,,,,,,,,,,,,,,,,,,,,,,,,,,,,,,,,,,
,,,,,,,,,,,,,,,,,,,,,,,,,,,,,,,,,,,,
,,,,,,,,,,,,,,,,,,,,,,,,,,,,,,,,,,,,
,,,,,,,,,,,,,,,,,,,,,,,,,,,,,,,,,,,,
,,,,,,,,,,,,,,,,,,,,,,,,,,,,,,,,,,,,
,,,,,,,,,,,,,,,,,,,,,,,,,,,,,,,,,,,,
,,,,,,,,,,,,,,,,,,,,,,,,,,,,,,,,,,,,
,,,,,,,,,,,,,,,,,,,,,,,,,,,,,,,,,,,,
,,,,,,,,,,,,,,,,,,,,,,,,,,,,,,,,,,,,
,,,,,,,,,,,,,,,,,,,,,,,,,,,,,,,,,,,,
,,,,,,,,,,,,,,,,,,,,,,,,,,,,,,,,,,,,
,,,,,,,,,,,,,,,,,,,,,,,,,,,,,,,,,,,,
,,,,,,,,,,,,,,,,,,,,,,,,,,,,,,,,,,,,
,,,,,,,,,,,,,,,,,,,,,,,,,,,,,,,,,,,,
,,,,,,,,,,,,,,,,,,,,,,,,,,,,,,,,,,,,
,,,,,,,,,,,,,,,,,,,,,,,,,,,,,,,,,,,,
,,,,,,,,,,,,,,,,,,,,,,,,,,,,,,,,,,,,
,,,,,,,,,,,,,,,,,,,,,,,,,,,,,,,,,,,,
,,,,,,,,,,,,,,,,,,,,,,,,,,,,,,,,,,,,
,,,,,,,,,,,,,,,,,,,,,,,,,,,,,,,,,,,,
,,,,,,,,,,,,,,,,,,,,,,,,,,,,,,,,,,,,
,,,,,,,,,,,,,,,,,,,,,,,,,,,,,,,,,,,,
,,,,,,,,,,,,,,,,,,,,,,,,,,,,,,,,,,,,
,,,,,,,,,,,,,,,,,,,,,,,,,,,,,,,,,,,,
,,,,,,,,,,,,,,,,,,,,,,,,,,,,,,,,,,,,
,,,,,,,,,,,,,,,,,,,,,,,,,,,,,,,,,,,,
,,,,,,,,,,,,,,,,,,,,,,,,,,,,,,,,,,,,
,,,,,,,,,,,,,,,,,,,,,,,,,,,,,,,,,,,,
,,,,,,,,,,,,,,,,,,,,,,,,,,,,,,,,,,,,
,,,,,,,,,,,,,,,,,,,,,,,,,,,,,,,,,,,,
,,,,,,,,,,,,,,,,,,,,,,,,,,,,,,,,,,,,
,,,,,,,,,,,,,,,,,,,,,,,,,,,,,,,,,,,,
,,,,,,,,,,,,,,,,,,,,,,,,,,,,,,,,,,,,
,,,,,,,,,,,,,,,,,,,,,,,,,,,,,,,,,,,,
,,,,,,,,,,,,,,,,,,,,,,,,,,,,,,,,,,,,
,,,,,,,,,,,,,,,,,,,,,,,,,,,,,,,,,,,,
,,,,,,,,,,,,,,,,,,,,,,,,,,,,,,,,,,,,
,,,,,,,,,,,,,,,,,,,,,,,,,,,,,,,,,,,,
,,,,,,,,,,,,,,,,,,,,,,,,,,,,,,,,,,,,
,,,,,,,,,,,,,,,,,,,,,,,,,,,,,,,,,,,,
,,,,,,,,,,,,,,,,,,,,,,,,,,,,,,,,,,,,
,,,,,,,,,,,,,,,,,,,,,,,,,,,,,,,,,,,,
,,,,,,,,,,,,,,,,,,,,,,,,,,,,,,,,,,,,
,,,,,,,,,,,,,,,,,,,,,,,,,,,,,,,,,,,,
,,,,,,,,,,,,,,,,,,,,,,,,,,,,,,,,,,,,
,,,,,,,,,,,,,,,,,,,,,,,,,,,,,,,,,,,,
,,,,,,,,,,,,,,,,,,,,,,,,,,,,,,,,,,,,
,,,,,,,,,,,,,,,,,,,,,,,,,,,,,,,,,,,,
,,,,,,,,,,,,,,,,,,,,,,,,,,,,,,,,,,,,
,,,,,,,,,,,,,,,,,,,,,,,,,,,,,,,,,,,,
,,,,,,,,,,,,,,,,,,,,,,,,,,,,,,,,,,,,
,,,,,,,,,,,,,,,,,,,,,,,,,,,,,,,,,,,,
,,,,,,,,,,,,,,,,,,,,,,,,,,,,,,,,,,,,
,,,,,,,,,,,,,,,,,,,,,,,,,,,,,,,,,,,,
,,,,,,,,,,,,,,,,,,,,,,,,,,,,,,,,,,,,
,,,,,,,,,,,,,,,,,,,,,,,,,,,,,,,,,,,,
,,,,,,,,,,,,,,,,,,,,,,,,,,,,,,,,,,,,
,,,,,,,,,,,,,,,,,,,,,,,,,,,,,,,,,,,,
,,,,,,,,,,,,,,,,,,,,,,,,,,,,,,,,,,,,
,,,,,,,,,,,,,,,,,,,,,,,,,,,,,,,,,,,,
,,,,,,,,,,,,,,,,,,,,,,,,,,,,,,,,,,,,
,,,,,,,,,,,,,,,,,,,,,,,,,,,,,,,,,,,,
,,,,,,,,,,,,,,,,,,,,,,,,,,,,,,,,,,,,
,,,,,,,,,,,,,,,,,,,,,,,,,,,,,,,,,,,,
,,,,,,,,,,,,,,,,,,,,,,,,,,,,,,,,,,,,
,,,,,,,,,,,,,,,,,,,,,,,,,,,,,,,,,,,,
,,,,,,,,,,,,,,,,,,,,,,,,,,,,,,,,,,,,
,,,,,,,,,,,,,,,,,,,,,,,,,,,,,,,,,,,,
,,,,,,,,,,,,,,,,,,,,,,,,,,,,,,,,,,,,
,,,,,,,,,,,,,,,,,,,,,,,,,,,,,,,,,,,,
,,,,,,,,,,,,,,,,,,,,,,,,,,,,,,,,,,,,
,,,,,,,,,,,,,,,,,,,,,,,,,,,,,,,,,,,,
,,,,,,,,,,,,,,,,,,,,,,,,,,,,,,,,,,,,
,,,,,,,,,,,,,,,,,,,,,,,,,,,,,,,,,,,,
,,,,,,,,,,,,,,,,,,,,,,,,,,,,,,,,,,,,
,,,,,,,,,,,,,,,,,,,,,,,,,,,,,,,,,,,,
,,,,,,,,,,,,,,,,,,,,,,,,,,,,,,,,,,,,
,,,,,,,,,,,,,,,,,,,,,,,,,,,,,,,,,,,,
,,,,,,,,,,,,,,,,,,,,,,,,,,,,,,,,,,,,
,,,,,,,,,,,,,,,,,,,,,,,,,,,,,,,,,,,,
,,,,,,,,,,,,,,,,,,,,,,,,,,,,,,,,,,,,
,,,,,,,,,,,,,,,,,,,,,,,,,,,,,,,,,,,,
,,,,,,,,,,,,,,,,,,,,,,,,,,,,,,,,,,,,
,,,,,,,,,,,,,,,,,,,,,,,,,,,,,,,,,,,,
,,,,,,,,,,,,,,,,,,,,,,,,,,,,,,,,,,,,
,,,,,,,,,,,,,,,,,,,,,,,,,,,,,,,,,,,,
,,,,,,,,,,,,,,,,,,,,,,,,,,,,,,,,,,,,
,,,,,,,,,,,,,,,,,,,,,,,,,,,,,,,,,,,,
,,,,,,,,,,,,,,,,,,,,,,,,,,,,,,,,,,,,
,,,,,,,,,,,,,,,,,,,,,,,,,,,,,,,,,,,,
,,,,,,,,,,,,,,,,,,,,,,,,,,,,,,,,,,,,
,,,,,,,,,,,,,,,,,,,,,,,,,,,,,,,,,,,,
,,,,,,,,,,,,,,,,,,,,,,,,,,,,,,,,,,,,
,,,,,,,,,,,,,,,,,,,,,,,,,,,,,,,,,,,,
,,,,,,,,,,,,,,,,,,,,,,,,,,,,,,,,,,,,
,,,,,,,,,,,,,,,,,,,,,,,,,,,,,,,,,,,,
,,,,,,,,,,,,,,,,,,,,,,,,,,,,,,,,,,,,
,,,,,,,,,,,,,,,,,,,,,,,,,,,,,,,,,,,,
,,,,,,,,,,,,,,,,,,,,,,,,,,,,,,,,,,,,
,,,,,,,,,,,,,,,,,,,,,,,,,,,,,,,,,,,,
,,,,,,,,,,,,,,,,,,,,,,,,,,,,,,,,,,,,
,,,,,,,,,,,,,,,,,,,,,,,,,,,,,,,,,,,,
,,,,,,,,,,,,,,,,,,,,,,,,,,,,,,,,,,,,
,,,,,,,,,,,,,,,,,,,,,,,,,,,,,,,,,,,,
,,,,,,,,,,,,,,,,,,,,,,,,,,,,,,,,,,,,
,,,,,,,,,,,,,,,,,,,,,,,,,,,,,,,,,,,,
,,,,,,,,,,,,,,,,,,,,,,,,,,,,,,,,,,,,
,,,,,,,,,,,,,,,,,,,,,,,,,,,,,,,,,,,,
,,,,,,,,,,,,,,,,,,,,,,,,,,,,,,,,,,,,
,,,,,,,,,,,,,,,,,,,,,,,,,,,,,,,,,,,,
,,,,,,,,,,,,,,,,,,,,,,,,,,,,,,,,,,,,
,,,,,,,,,,,,,,,,,,,,,,,,,,,,,,,,,,,,
,,,,,,,,,,,,,,,,,,,,,,,,,,,,,,,,,,,,
,,,,,,,,,,,,,,,,,,,,,,,,,,,,,,,,,,,,
,,,,,,,,,,,,,,,,,,,,,,,,,,,,,,,,,,,,
,,,,,,,,,,,,,,,,,,,,,,,,,,,,,,,,,,,,
,,,,,,,,,,,,,,,,,,,,,,,,,,,,,,,,,,,,
,,,,,,,,,,,,,,,,,,,,,,,,,,,,,,,,,,,,
,,,,,,,,,,,,,,,,,,,,,,,,,,,,,,,,,,,,
,,,,,,,,,,,,,,,,,,,,,,,,,,,,,,,,,,,,
,,,,,,,,,,,,,,,,,,,,,,,,,,,,,,,,,,,,
,,,,,,,,,,,,,,,,,,,,,,,,,,,,,,,,,,,,
,,,,,,,,,,,,,,,,,,,,,,,,,,,,,,,,,,,,
,,,,,,,,,,,,,,,,,,,,,,,,,,,,,,,,,,,,
,,,,,,,,,,,,,,,,,,,,,,,,,,,,,,,,,,,,
,,,,,,,,,,,,,,,,,,,,,,,,,,,,,,,,,,,,
,,,,,,,,,,,,,,,,,,,,,,,,,,,,,,,,,,,,
,,,,,,,,,,,,,,,,,,,,,,,,,,,,,,,,,,,,
,,,,,,,,,,,,,,,,,,,,,,,,,,,,,,,,,,,,
,,,,,,,,,,,,,,,,,,,,,,,,,,,,,,,,,,,,
,,,,,,,,,,,,,,,,,,,,,,,,,,,,,,,,,,,,
,,,,,,,,,,,,,,,,,,,,,,,,,,,,,,,,,,,,
,,,,,,,,,,,,,,,,,,,,,,,,,,,,,,,,,,,,
,,,,,,,,,,,,,,,,,,,,,,,,,,,,,,,,,,,,
,,,,,,,,,,,,,,,,,,,,,,,,,,,,,,,,,,,,
,,,,,,,,,,,,,,,,,,,,,,,,,,,,,,,,,,,,
,,,,,,,,,,,,,,,,,,,,,,,,,,,,,,,,,,,,
,,,,,,,,,,,,,,,,,,,,,,,,,,,,,,,,,,,,
,,,,,,,,,,,,,,,,,,,,,,,,,,,,,,,,,,,,
,,,,,,,,,,,,,,,,,,,,,,,,,,,,,,,,,,,,
,,,,,,,,,,,,,,,,,,,,,,,,,,,,,,,,,,,,
,,,,,,,,,,,,,,,,,,,,,,,,,,,,,,,,,,,,
,,,,,,,,,,,,,,,,,,,,,,,,,,,,,,,,,,,,
,,,,,,,,,,,,,,,,,,,,,,,,,,,,,,,,,,,,
,,,,,,,,,,,,,,,,,,,,,,,,,,,,,,,,,,,,
,,,,,,,,,,,,,,,,,,,,,,,,,,,,,,,,,,,,
,,,,,,,,,,,,,,,,,,,,,,,,,,,,,,,,,,,,
,,,,,,,,,,,,,,,,,,,,,,,,,,,,,,,,,,,,
,,,,,,,,,,,,,,,,,,,,,,,,,,,,,,,,,,,,
,,,,,,,,,,,,,,,,,,,,,,,,,,,,,,,,,,,,
,,,,,,,,,,,,,,,,,,,,,,,,,,,,,,,,,,,,
,,,,,,,,,,,,,,,,,,,,,,,,,,,,,,,,,,,,
,,,,,,,,,,,,,,,,,,,,,,,,,,,,,,,,,,,,
,,,,,,,,,,,,,,,,,,,,,,,,,,,,,,,,,,,,
,,,,,,,,,,,,,,,,,,,,,,,,,,,,,,,,,,,,
,,,,,,,,,,,,,,,,,,,,,,,,,,,,,,,,,,,,
,,,,,,,,,,,,,,,,,,,,,,,,,,,,,,,,,,,,
,,,,,,,,,,,,,,,,,,,,,,,,,,,,,,,,,,,,
,,,,,,,,,,,,,,,,,,,,,,,,,,,,,,,,,,,,
,,,,,,,,,,,,,,,,,,,,,,,,,,,,,,,,,,,,
,,,,,,,,,,,,,,,,,,,,,,,,,,,,,,,,,,,,
,,,,,,,,,,,,,,,,,,,,,,,,,,,,,,,,,,,,
,,,,,,,,,,,,,,,,,,,,,,,,,,,,,,,,,,,,
,,,,,,,,,,,,,,,,,,,,,,,,,,,,,,,,,,,,
,,,,,,,,,,,,,,,,,,,,,,,,,,,,,,,,,,,,
,,,,,,,,,,,,,,,,,,,,,,,,,,,,,,,,,,,,
,,,,,,,,,,,,,,,,,,,,,,,,,,,,,,,,,,,,
,,,,,,,,,,,,,,,,,,,,,,,,,,,,,,,,,,,,
,,,,,,,,,,,,,,,,,,,,,,,,,,,,,,,,,,,,
,,,,,,,,,,,,,,,,,,,,,,,,,,,,,,,,,,,,
,,,,,,,,,,,,,,,,,,,,,,,,,,,,,,,,,,,,
,,,,,,,,,,,,,,,,,,,,,,,,,,,,,,,,,,,,
,,,,,,,,,,,,,,,,,,,,,,,,,,,,,,,,,,,,
,,,,,,,,,,,,,,,,,,,,,,,,,,,,,,,,,,,,
,,,,,,,,,,,,,,,,,,,,,,,,,,,,,,,,,,,,
,,,,,,,,,,,,,,,,,,,,,,,,,,,,,,,,,,,,
,,,,,,,,,,,,,,,,,,,,,,,,,,,,,,,,,,,,
,,,,,,,,,,,,,,,,,,,,,,,,,,,,,,,,,,,,
,,,,,,,,,,,,,,,,,,,,,,,,,,,,,,,,,,,,
,,,,,,,,,,,,,,,,,,,,,,,,,,,,,,,,,,,,
,,,,,,,,,,,,,,,,,,,,,,,,,,,,,,,,,,,,
,,,,,,,,,,,,,,,,,,,,,,,,,,,,,,,,,,,,
,,,,,,,,,,,,,,,,,,,,,,,,,,,,,,,,,,,,
,,,,,,,,,,,,,,,,,,,,,,,,,,,,,,,,,,,,
,,,,,,,,,,,,,,,,,,,,,,,,,,,,,,,,,,,,
,,,,,,,,,,,,,,,,,,,,,,,,,,,,,,,,,,,,
,,,,,,,,,,,,,,,,,,,,,,,,,,,,,,,,,,,,
,,,,,,,,,,,,,,,,,,,,,,,,,,,,,,,,,,,,
,,,,,,,,,,,,,,,,,,,,,,,,,,,,,,,,,,,,
,,,,,,,,,,,,,,,,,,,,,,,,,,,,,,,,,,,,
,,,,,,,,,,,,,,,,,,,,,,,,,,,,,,,,,,,,
,,,,,,,,,,,,,,,,,,,,,,,,,,,,,,,,,,,,
,,,,,,,,,,,,,,,,,,,,,,,,,,,,,,,,,,,,
,,,,,,,,,,,,,,,,,,,,,,,,,,,,,,,,,,,,
,,,,,,,,,,,,,,,,,,,,,,,,,,,,,,,,,,,,
,,,,,,,,,,,,,,,,,,,,,,,,,,,,,,,,,,,,
,,,,,,,,,,,,,,,,,,,,,,,,,,,,,,,,,,,,
,,,,,,,,,,,,,,,,,,,,,,,,,,,,,,,,,,,,
,,,,,,,,,,,,,,,,,,,,,,,,,,,,,,,,,,,,
,,,,,,,,,,,,,,,,,,,,,,,,,,,,,,,,,,,,
,,,,,,,,,,,,,,,,,,,,,,,,,,,,,,,,,,,,
,,,,,,,,,,,,,,,,,,,,,,,,,,,,,,,,,,,,
,,,,,,,,,,,,,,,,,,,,,,,,,,,,,,,,,,,,
,,,,,,,,,,,,,,,,,,,,,,,,,,,,,,,,,,,,
,,,,,,,,,,,,,,,,,,,,,,,,,,,,,,,,,,,,
,,,,,,,,,,,,,,,,,,,,,,,,,,,,,,,,,,,,
,,,,,,,,,,,,,,,,,,,,,,,,,,,,,,,,,,,,
,,,,,,,,,,,,,,,,,,,,,,,,,,,,,,,,,,,,
,,,,,,,,,,,,,,,,,,,,,,,,,,,,,,,,,,,,
,,,,,,,,,,,,,,,,,,,,,,,,,,,,,,,,,,,,
,,,,,,,,,,,,,,,,,,,,,,,,,,,,,,,,,,,,
,,,,,,,,,,,,,,,,,,,,,,,,,,,,,,,,,,,,
,,,,,,,,,,,,,,,,,,,,,,,,,,,,,,,,,,,,
,,,,,,,,,,,,,,,,,,,,,,,,,,,,,,,,,,,,
,,,,,,,,,,,,,,,,,,,,,,,,,,,,,,,,,,,,
,,,,,,,,,,,,,,,,,,,,,,,,,,,,,,,,,,,,
,,,,,,,,,,,,,,,,,,,,,,,,,,,,,,,,,,,,
,,,,,,,,,,,,,,,,,,,,,,,,,,,,,,,,,,,,
,,,,,,,,,,,,,,,,,,,,,,,,,,,,,,,,,,,,
,,,,,,,,,,,,,,,,,,,,,,,,,,,,,,,,,,,,
,,,,,,,,,,,,,,,,,,,,,,,,,,,,,,,,,,,,
,,,,,,,,,,,,,,,,,,,,,,,,,,,,,,,,,,,,
,,,,,,,,,,,,,,,,,,,,,,,,,,,,,,,,,,,,
,,,,,,,,,,,,,,,,,,,,,,,,,,,,,,,,,,,,
,,,,,,,,,,,,,,,,,,,,,,,,,,,,,,,,,,,,
,,,,,,,,,,,,,,,,,,,,,,,,,,,,,,,,,,,,
,,,,,,,,,,,,,,,,,,,,,,,,,,,,,,,,,,,,
,,,,,,,,,,,,,,,,,,,,,,,,,,,,,,,,,,,,
,,,,,,,,,,,,,,,,,,,,,,,,,,,,,,,,,,,,
,,,,,,,,,,,,,,,,,,,,,,,,,,,,,,,,,,,,
,,,,,,,,,,,,,,,,,,,,,,,,,,,,,,,,,,,,
,,,,,,,,,,,,,,,,,,,,,,,,,,,,,,,,,,,,
,,,,,,,,,,,,,,,,,,,,,,,,,,,,,,,,,,,,
,,,,,,,,,,,,,,,,,,,,,,,,,,,,,,,,,,,,
,,,,,,,,,,,,,,,,,,,,,,,,,,,,,,,,,,,,
,,,,,,,,,,,,,,,,,,,,,,,,,,,,,,,,,,,,
,,,,,,,,,,,,,,,,,,,,,,,,,,,,,,,,,,,,
,,,,,,,,,,,,,,,,,,,,,,,,,,,,,,,,,,,,
,,,,,,,,,,,,,,,,,,,,,,,,,,,,,,,,,,,,
,,,,,,,,,,,,,,,,,,,,,,,,,,,,,,,,,,,,
,,,,,,,,,,,,,,,,,,,,,,,,,,,,,,,,,,,,
,,,,,,,,,,,,,,,,,,,,,,,,,,,,,,,,,,,,
,,,,,,,,,,,,,,,,,,,,,,,,,,,,,,,,,,,,
,,,,,,,,,,,,,,,,,,,,,,,,,,,,,,,,,,,,
,,,,,,,,,,,,,,,,,,,,,,,,,,,,,,,,,,,,
,,,,,,,,,,,,,,,,,,,,,,,,,,,,,,,,,,,,
,,,,,,,,,,,,,,,,,,,,,,,,,,,,,,,,,,,,
,,,,,,,,,,,,,,,,,,,,,,,,,,,,,,,,,,,,
,,,,,,,,,,,,,,,,,,,,,,,,,,,,,,,,,,,,
,,,,,,,,,,,,,,,,,,,,,,,,,,,,,,,,,,,,
,,,,,,,,,,,,,,,,,,,,,,,,,,,,,,,,,,,,
,,,,,,,,,,,,,,,,,,,,,,,,,,,,,,,,,,,,
,,,,,,,,,,,,,,,,,,,,,,,,,,,,,,,,,,,,
,,,,,,,,,,,,,,,,,,,,,,,,,,,,,,,,,,,,
,,,,,,,,,,,,,,,,,,,,,,,,,,,,,,,,,,,,
,,,,,,,,,,,,,,,,,,,,,,,,,,,,,,,,,,,,
,,,,,,,,,,,,,,,,,,,,,,,,,,,,,,,,,,,,
,,,,,,,,,,,,,,,,,,,,,,,,,,,,,,,,,,,,
,,,,,,,,,,,,,,,,,,,,,,,,,,,,,,,,,,,,
,,,,,,,,,,,,,,,,,,,,,,,,,,,,,,,,,,,,
,,,,,,,,,,,,,,,,,,,,,,,,,,,,,,,,,,,,
,,,,,,,,,,,,,,,,,,,,,,,,,,,,,,,,,,,,
,,,,,,,,,,,,,,,,,,,,,,,,,,,,,,,,,,,,
,,,,,,,,,,,,,,,,,,,,,,,,,,,,,,,,,,,,
,,,,,,,,,,,,,,,,,,,,,,,,,,,,,,,,,,,,
,,,,,,,,,,,,,,,,,,,,,,,,,,,,,,,,,,,,
,,,,,,,,,,,,,,,,,,,,,,,,,,,,,,,,,,,,
,,,,,,,,,,,,,,,,,,,,,,,,,,,,,,,,,,,,
,,,,,,,,,,,,,,,,,,,,,,,,,,,,,,,,,,,,
,,,,,,,,,,,,,,,,,,,,,,,,,,,,,,,,,,,,
,,,,,,,,,,,,,,,,,,,,,,,,,,,,,,,,,,,,
,,,,,,,,,,,,,,,,,,,,,,,,,,,,,,,,,,,,
,,,,,,,,,,,,,,,,,,,,,,,,,,,,,,,,,,,,
,,,,,,,,,,,,,,,,,,,,,,,,,,,,,,,,,,,,
,,,,,,,,,,,,,,,,,,,,,,,,,,,,,,,,,,,,
,,,,,,,,,,,,,,,,,,,,,,,,,,,,,,,,,,,,
,,,,,,,,,,,,,,,,,,,,,,,,,,,,,,,,,,,,
,,,,,,,,,,,,,,,,,,,,,,,,,,,,,,,,,,,,
,,,,,,,,,,,,,,,,,,,,,,,,,,,,,,,,,,,,
,,,,,,,,,,,,,,,,,,,,,,,,,,,,,,,,,,,,
,,,,,,,,,,,,,,,,,,,,,,,,,,,,,,,,,,,,
,,,,,,,,,,,,,,,,,,,,,,,,,,,,,,,,,,,,
,,,,,,,,,,,,,,,,,,,,,,,,,,,,,,,,,,,,
,,,,,,,,,,,,,,,,,,,,,,,,,,,,,,,,,,,,
,,,,,,,,,,,,,,,,,,,,,,,,,,,,,,,,,,,,
,,,,,,,,,,,,,,,,,,,,,,,,,,,,,,,,,,,,
,,,,,,,,,,,,,,,,,,,,,,,,,,,,,,,,,,,,
,,,,,,,,,,,,,,,,,,,,,,,,,,,,,,,,,,,,
,,,,,,,,,,,,,,,,,,,,,,,,,,,,,,,,,,,,
,,,,,,,,,,,,,,,,,,,,,,,,,,,,,,,,,,,,
,,,,,,,,,,,,,,,,,,,,,,,,,,,,,,,,,,,,
,,,,,,,,,,,,,,,,,,,,,,,,,,,,,,,,,,,,
,,,,,,,,,,,,,,,,,,,,,,,,,,,,,,,,,,,,
,,,,,,,,,,,,,,,,,,,,,,,,,,,,,,,,,,,,
,,,,,,,,,,,,,,,,,,,,,,,,,,,,,,,,,,,,
,,,,,,,,,,,,,,,,,,,,,,,,,,,,,,,,,,,,
,,,,,,,,,,,,,,,,,,,,,,,,,,,,,,,,,,,,
,,,,,,,,,,,,,,,,,,,,,,,,,,,,,,,,,,,,
,,,,,,,,,,,,,,,,,,,,,,,,,,,,,,,,,,,,
,,,,,,,,,,,,,,,,,,,,,,,,,,,,,,,,,,,,
,,,,,,,,,,,,,,,,,,,,,,,,,,,,,,,,,,,,
,,,,,,,,,,,,,,,,,,,,,,,,,,,,,,,,,,,,
,,,,,,,,,,,,,,,,,,,,,,,,,,,,,,,,,,,,
,,,,,,,,,,,,,,,,,,,,,,,,,,,,,,,,,,,,
,,,,,,,,,,,,,,,,,,,,,,,,,,,,,,,,,,,,
,,,,,,,,,,,,,,,,,,,,,,,,,,,,,,,,,,,,
,,,,,,,,,,,,,,,,,,,,,,,,,,,,,,,,,,,,
,,,,,,,,,,,,,,,,,,,,,,,,,,,,,,,,,,,,
,,,,,,,,,,,,,,,,,,,,,,,,,,,,,,,,,,,,
,,,,,,,,,,,,,,,,,,,,,,,,,,,,,,,,,,,,
,,,,,,,,,,,,,,,,,,,,,,,,,,,,,,,,,,,,
,,,,,,,,,,,,,,,,,,,,,,,,,,,,,,,,,,,,
,,,,,,,,,,,,,,,,,,,,,,,,,,,,,,,,,,,,
,,,,,,,,,,,,,,,,,,,,,,,,,,,,,,,,,,,,
,,,,,,,,,,,,,,,,,,,,,,,,,,,,,,,,,,,,
,,,,,,,,,,,,,,,,,,,,,,,,,,,,,,,,,,,,
,,,,,,,,,,,,,,,,,,,,,,,,,,,,,,,,,,,,
,,,,,,,,,,,,,,,,,,,,,,,,,,,,,,,,,,,,
,,,,,,,,,,,,,,,,,,,,,,,,,,,,,,,,,,,,
,,,,,,,,,,,,,,,,,,,,,,,,,,,,,,,,,,,,
,,,,,,,,,,,,,,,,,,,,,,,,,,,,,,,,,,,,
,,,,,,,,,,,,,,,,,,,,,,,,,,,,,,,,,,,,
,,,,,,,,,,,,,,,,,,,,,,,,,,,,,,,,,,,,
,,,,,,,,,,,,,,,,,,,,,,,,,,,,,,,,,,,,
,,,,,,,,,,,,,,,,,,,,,,,,,,,,,,,,,,,,
,,,,,,,,,,,,,,,,,,,,,,,,,,,,,,,,,,,,
,,,,,,,,,,,,,,,,,,,,,,,,,,,,,,,,,,,,
,,,,,,,,,,,,,,,,,,,,,,,,,,,,,,,,,,,,
,,,,,,,,,,,,,,,,,,,,,,,,,,,,,,,,,,,,
,,,,,,,,,,,,,,,,,,,,,,,,,,,,,,,,,,,,
,,,,,,,,,,,,,,,,,,,,,,,,,,,,,,,,,,,,
,,,,,,,,,,,,,,,,,,,,,,,,,,,,,,,,,,,,
,,,,,,,,,,,,,,,,,,,,,,,,,,,,,,,,,,,,
,,,,,,,,,,,,,,,,,,,,,,,,,,,,,,,,,,,,
,,,,,,,,,,,,,,,,,,,,,,,,,,,,,,,,,,,,
,,,,,,,,,,,,,,,,,,,,,,,,,,,,,,,,,,,,
,,,,,,,,,,,,,,,,,,,,,,,,,,,,,,,,,,,,
,,,,,,,,,,,,,,,,,,,,,,,,,,,,,,,,,,,,
,,,,,,,,,,,,,,,,,,,,,,,,,,,,,,,,,,,,
,,,,,,,,,,,,,,,,,,,,,,,,,,,,,,,,,,,,
,,,,,,,,,,,,,,,,,,,,,,,,,,,,,,,,,,,,
,,,,,,,,,,,,,,,,,,,,,,,,,,,,,,,,,,,,
,,,,,,,,,,,,,,,,,,,,,,,,,,,,,,,,,,,,
,,,,,,,,,,,,,,,,,,,,,,,,,,,,,,,,,,,,
,,,,,,,,,,,,,,,,,,,,,,,,,,,,,,,,,,,,
,,,,,,,,,,,,,,,,,,,,,,,,,,,,,,,,,,,,
,,,,,,,,,,,,,,,,,,,,,,,,,,,,,,,,,,,,
,,,,,,,,,,,,,,,,,,,,,,,,,,,,,,,,,,,,
,,,,,,,,,,,,,,,,,,,,,,,,,,,,,,,,,,,,
,,,,,,,,,,,,,,,,,,,,,,,,,,,,,,,,,,,,
,,,,,,,,,,,,,,,,,,,,,,,,,,,,,,,,,,,,
,,,,,,,,,,,,,,,,,,,,,,,,,,,,,,,,,,,,
,,,,,,,,,,,,,,,,,,,,,,,,,,,,,,,,,,,,
,,,,,,,,,,,,,,,,,,,,,,,,,,,,,,,,,,,,
,,,,,,,,,,,,,,,,,,,,,,,,,,,,,,,,,,,,
,,,,,,,,,,,,,,,,,,,,,,,,,,,,,,,,,,,,
,,,,,,,,,,,,,,,,,,,,,,,,,,,,,,,,,,,,
,,,,,,,,,,,,,,,,,,,,,,,,,,,,,,,,,,,,
,,,,,,,,,,,,,,,,,,,,,,,,,,,,,,,,,,,,
,,,,,,,,,,,,,,,,,,,,,,,,,,,,,,,,,,,,
,,,,,,,,,,,,,,,,,,,,,,,,,,,,,,,,,,,,
,,,,,,,,,,,,,,,,,,,,,,,,,,,,,,,,,,,,
,,,,,,,,,,,,,,,,,,,,,,,,,,,,,,,,,,,,
,,,,,,,,,,,,,,,,,,,,,,,,,,,,,,,,,,,,
,,,,,,,,,,,,,,,,,,,,,,,,,,,,,,,,,,,,
,,,,,,,,,,,,,,,,,,,,,,,,,,,,,,,,,,,,
,,,,,,,,,,,,,,,,,,,,,,,,,,,,,,,,,,,,
,,,,,,,,,,,,,,,,,,,,,,,,,,,,,,,,,,,,
,,,,,,,,,,,,,,,,,,,,,,,,,,,,,,,,,,,,
,,,,,,,,,,,,,,,,,,,,,,,,,,,,,,,,,,,,
,,,,,,,,,,,,,,,,,,,,,,,,,,,,,,,,,,,,
,,,,,,,,,,,,,,,,,,,,,,,,,,,,,,,,,,,,
,,,,,,,,,,,,,,,,,,,,,,,,,,,,,,,,,,,,
,,,,,,,,,,,,,,,,,,,,,,,,,,,,,,,,,,,,
,,,,,,,,,,,,,,,,,,,,,,,,,,,,,,,,,,,,
,,,,,,,,,,,,,,,,,,,,,,,,,,,,,,,,,,,,
,,,,,,,,,,,,,,,,,,,,,,,,,,,,,,,,,,,,
,,,,,,,,,,,,,,,,,,,,,,,,,,,,,,,,,,,,
,,,,,,,,,,,,,,,,,,,,,,,,,,,,,,,,,,,,
,,,,,,,,,,,,,,,,,,,,,,,,,,,,,,,,,,,,
,,,,,,,,,,,,,,,,,,,,,,,,,,,,,,,,,,,,
,,,,,,,,,,,,,,,,,,,,,,,,,,,,,,,,,,,,
,,,,,,,,,,,,,,,,,,,,,,,,,,,,,,,,,,,,
,,,,,,,,,,,,,,,,,,,,,,,,,,,,,,,,,,,,
,,,,,,,,,,,,,,,,,,,,,,,,,,,,,,,,,,,,
,,,,,,,,,,,,,,,,,,,,,,,,,,,,,,,,,,,,
,,,,,,,,,,,,,,,,,,,,,,,,,,,,,,,,,,,,
,,,,,,,,,,,,,,,,,,,,,,,,,,,,,,,,,,,,
,,,,,,,,,,,,,,,,,,,,,,,,,,,,,,,,,,,,
,,,,,,,,,,,,,,,,,,,,,,,,,,,,,,,,,,,,
,,,,,,,,,,,,,,,,,,,,,,,,,,,,,,,,,,,,
,,,,,,,,,,,,,,,,,,,,,,,,,,,,,,,,,,,,
,,,,,,,,,,,,,,,,,,,,,,,,,,,,,,,,,,,,
,,,,,,,,,,,,,,,,,,,,,,,,,,,,,,,,,,,,
,,,,,,,,,,,,,,,,,,,,,,,,,,,,,,,,,,,,
,,,,,,,,,,,,,,,,,,,,,,,,,,,,,,,,,,,,
,,,,,,,,,,,,,,,,,,,,,,,,,,,,,,,,,,,,
,,,,,,,,,,,,,,,,,,,,,,,,,,,,,,,,,,,,
,,,,,,,,,,,,,,,,,,,,,,,,,,,,,,,,,,,,
,,,,,,,,,,,,,,,,,,,,,,,,,,,,,,,,,,,,
,,,,,,,,,,,,,,,,,,,,,,,,,,,,,,,,,,,,
,,,,,,,,,,,,,,,,,,,,,,,,,,,,,,,,,,,,
,,,,,,,,,,,,,,,,,,,,,,,,,,,,,,,,,,,,
,,,,,,,,,,,,,,,,,,,,,,,,,,,,,,,,,,,,
,,,,,,,,,,,,,,,,,,,,,,,,,,,,,,,,,,,,
,,,,,,,,,,,,,,,,,,,,,,,,,,,,,,,,,,,,
,,,,,,,,,,,,,,,,,,,,,,,,,,,,,,,,,,,,
,,,,,,,,,,,,,,,,,,,,,,,,,,,,,,,,,,,,
,,,,,,,,,,,,,,,,,,,,,,,,,,,,,,,,,,,,
,,,,,,,,,,,,,,,,,,,,,,,,,,,,,,,,,,,,
,,,,,,,,,,,,,,,,,,,,,,,,,,,,,,,,,,,,
,,,,,,,,,,,,,,,,,,,,,,,,,,,,,,,,,,,,
,,,,,,,,,,,,,,,,,,,,,,,,,,,,,,,,,,,,
,,,,,,,,,,,,,,,,,,,,,,,,,,,,,,,,,,,,
,,,,,,,,,,,,,,,,,,,,,,,,,,,,,,,,,,,,
,,,,,,,,,,,,,,,,,,,,,,,,,,,,,,,,,,,,
,,,,,,,,,,,,,,,,,,,,,,,,,,,,,,,,,,,,
,,,,,,,,,,,,,,,,,,,,,,,,,,,,,,,,,,,,
,,,,,,,,,,,,,,,,,,,,,,,,,,,,,,,,,,,,
,,,,,,,,,,,,,,,,,,,,,,,,,,,,,,,,,,,,
,,,,,,,,,,,,,,,,,,,,,,,,,,,,,,,,,,,,
,,,,,,,,,,,,,,,,,,,,,,,,,,,,,,,,,,,,
,,,,,,,,,,,,,,,,,,,,,,,,,,,,,,,,,,,,
,,,,,,,,,,,,,,,,,,,,,,,,,,,,,,,,,,,,
,,,,,,,,,,,,,,,,,,,,,,,,,,,,,,,,,,,,
,,,,,,,,,,,,,,,,,,,,,,,,,,,,,,,,,,,,
,,,,,,,,,,,,,,,,,,,,,,,,,,,,,,,,,,,,
,,,,,,,,,,,,,,,,,,,,,,,,,,,,,,,,,,,,
,,,,,,,,,,,,,,,,,,,,,,,,,,,,,,,,,,,,
,,,,,,,,,,,,,,,,,,,,,,,,,,,,,,,,,,,,
,,,,,,,,,,,,,,,,,,,,,,,,,,,,,,,,,,,,
,,,,,,,,,,,,,,,,,,,,,,,,,,,,,,,,,,,,
,,,,,,,,,,,,,,,,,,,,,,,,,,,,,,,,,,,,
,,,,,,,,,,,,,,,,,,,,,,,,,,,,,,,,,,,,
,,,,,,,,,,,,,,,,,,,,,,,,,,,,,,,,,,,,
,,,,,,,,,,,,,,,,,,,,,,,,,,,,,,,,,,,,
,,,,,,,,,,,,,,,,,,,,,,,,,,,,,,,,,,,,
,,,,,,,,,,,,,,,,,,,,,,,,,,,,,,,,,,,,
,,,,,,,,,,,,,,,,,,,,,,,,,,,,,,,,,,,,
,,,,,,,,,,,,,,,,,,,,,,,,,,,,,,,,,,,,
,,,,,,,,,,,,,,,,,,,,,,,,,,,,,,,,,,,,
,,,,,,,,,,,,,,,,,,,,,,,,,,,,,,,,,,,,
,,,,,,,,,,,,,,,,,,,,,,,,,,,,,,,,,,,,
,,,,,,,,,,,,,,,,,,,,,,,,,,,,,,,,,,,,
,,,,,,,,,,,,,,,,,,,,,,,,,,,,,,,,,,,,
,,,,,,,,,,,,,,,,,,,,,,,,,,,,,,,,,,,,
,,,,,,,,,,,,,,,,,,,,,,,,,,,,,,,,,,,,
,,,,,,,,,,,,,,,,,,,,,,,,,,,,,,,,,,,,
,,,,,,,,,,,,,,,,,,,,,,,,,,,,,,,,,,,,
,,,,,,,,,,,,,,,,,,,,,,,,,,,,,,,,,,,,
,,,,,,,,,,,,,,,,,,,,,,,,,,,,,,,,,,,,
,,,,,,,,,,,,,,,,,,,,,,,,,,,,,,,,,,,,
,,,,,,,,,,,,,,,,,,,,,,,,,,,,,,,,,,,,
,,,,,,,,,,,,,,,,,,,,,,,,,,,,,,,,,,,,
,,,,,,,,,,,,,,,,,,,,,,,,,,,,,,,,,,,,
,,,,,,,,,,,,,,,,,,,,,,,,,,,,,,,,,,,,
,,,,,,,,,,,,,,,,,,,,,,,,,,,,,,,,,,,,
,,,,,,,,,,,,,,,,,,,,,,,,,,,,,,,,,,,,
,,,,,,,,,,,,,,,,,,,,,,,,,,,,,,,,,,,,
,,,,,,,,,,,,,,,,,,,,,,,,,,,,,,,,,,,,
,,,,,,,,,,,,,,,,,,,,,,,,,,,,,,,,,,,,
,,,,,,,,,,,,,,,,,,,,,,,,,,,,,,,,,,,,
,,,,,,,,,,,,,,,,,,,,,,,,,,,,,,,,,,,,
,,,,,,,,,,,,,,,,,,,,,,,,,,,,,,,,,,,,
,,,,,,,,,,,,,,,,,,,,,,,,,,,,,,,,,,,,
,,,,,,,,,,,,,,,,,,,,,,,,,,,,,,,,,,,,
,,,,,,,,,,,,,,,,,,,,,,,,,,,,,,,,,,,,
,,,,,,,,,,,,,,,,,,,,,,,,,,,,,,,,,,,,
,,,,,,,,,,,,,,,,,,,,,,,,,,,,,,,,,,,,
,,,,,,,,,,,,,,,,,,,,,,,,,,,,,,,,,,,,
,,,,,,,,,,,,,,,,,,,,,,,,,,,,,,,,,,,,
,,,,,,,,,,,,,,,,,,,,,,,,,,,,,,,,,,,,
,,,,,,,,,,,,,,,,,,,,,,,,,,,,,,,,,,,,
,,,,,,,,,,,,,,,,,,,,,,,,,,,,,,,,,,,,
,,,,,,,,,,,,,,,,,,,,,,,,,,,,,,,,,,,,
,,,,,,,,,,,,,,,,,,,,,,,,,,,,,,,,,,,,
,,,,,,,,,,,,,,,,,,,,,,,,,,,,,,,,,,,,
,,,,,,,,,,,,,,,,,,,,,,,,,,,,,,,,,,,,
,,,,,,,,,,,,,,,,,,,,,,,,,,,,,,,,,,,,
,,,,,,,,,,,,,,,,,,,,,,,,,,,,,,,,,,,,
,,,,,,,,,,,,,,,,,,,,,,,,,,,,,,,,,,,,
,,,,,,,,,,,,,,,,,,,,,,,,,,,,,,,,,,,,
,,,,,,,,,,,,,,,,,,,,,,,,,,,,,,,,,,,,
,,,,,,,,,,,,,,,,,,,,,,,,,,,,,,,,,,,,
,,,,,,,,,,,,,,,,,,,,,,,,,,,,,,,,,,,,
,,,,,,,,,,,,,,,,,,,,,,,,,,,,,,,,,,,,
,,,,,,,,,,,,,,,,,,,,,,,,,,,,,,,,,,,,
,,,,,,,,,,,,,,,,,,,,,,,,,,,,,,,,,,,,
,,,,,,,,,,,,,,,,,,,,,,,,,,,,,,,,,,,,
,,,,,,,,,,,,,,,,,,,,,,,,,,,,,,,,,,,,
,,,,,,,,,,,,,,,,,,,,,,,,,,,,,,,,,,,,
,,,,,,,,,,,,,,,,,,,,,,,,,,,,,,,,,,,,
,,,,,,,,,,,,,,,,,,,,,,,,,,,,,,,,,,,,
,,,,,,,,,,,,,,,,,,,,,,,,,,,,,,,,,,,,
,,,,,,,,,,,,,,,,,,,,,,,,,,,,,,,,,,,,
,,,,,,,,,,,,,,,,,,,,,,,,,,,,,,,,,,,,
,,,,,,,,,,,,,,,,,,,,,,,,,,,,,,,,,,,,
,,,,,,,,,,,,,,,,,,,,,,,,,,,,,,,,,,,,
,,,,,,,,,,,,,,,,,,,,,,,,,,,,,,,,,,,,
,,,,,,,,,,,,,,,,,,,,,,,,,,,,,,,,,,,,
,,,,,,,,,,,,,,,,,,,,,,,,,,,,,,,,,,,,
,,,,,,,,,,,,,,,,,,,,,,,,,,,,,,,,,,,,
,,,,,,,,,,,,,,,,,,,,,,,,,,,,,,,,,,,,
,,,,,,,,,,,,,,,,,,,,,,,,,,,,,,,,,,,,
,,,,,,,,,,,,,,,,,,,,,,,,,,,,,,,,,,,,
,,,,,,,,,,,,,,,,,,,,,,,,,,,,,,,,,,,,
,,,,,,,,,,,,,,,,,,,,,,,,,,,,,,,,,,,,
,,,,,,,,,,,,,,,,,,,,,,,,,,,,,,,,,,,,
,,,,,,,,,,,,,,,,,,,,,,,,,,,,,,,,,,,,
,,,,,,,,,,,,,,,,,,,,,,,,,,,,,,,,,,,,
,,,,,,,,,,,,,,,,,,,,,,,,,,,,,,,,,,,,
,,,,,,,,,,,,,,,,,,,,,,,,,,,,,,,,,,,,
,,,,,,,,,,,,,,,,,,,,,,,,,,,,,,,,,,,,
,,,,,,,,,,,,,,,,,,,,,,,,,,,,,,,,,,,,
,,,,,,,,,,,,,,,,,,,,,,,,,,,,,,,,,,,,
,,,,,,,,,,,,,,,,,,,,,,,,,,,,,,,,,,,,
,,,,,,,,,,,,,,,,,,,,,,,,,,,,,,,,,,,,
,,,,,,,,,,,,,,,,,,,,,,,,,,,,,,,,,,,,
,,,,,,,,,,,,,,,,,,,,,,,,,,,,,,,,,,,,
,,,,,,,,,,,,,,,,,,,,,,,,,,,,,,,,,,,,
,,,,,,,,,,,,,,,,,,,,,,,,,,,,,,,,,,,,
,,,,,,,,,,,,,,,,,,,,,,,,,,,,,,,,,,,,
,,,,,,,,,,,,,,,,,,,,,,,,,,,,,,,,,,,,
,,,,,,,,,,,,,,,,,,,,,,,,,,,,,,,,,,,,
,,,,,,,,,,,,,,,,,,,,,,,,,,,,,,,,,,,,
,,,,,,,,,,,,,,,,,,,,,,,,,,,,,,,,,,,,
,,,,,,,,,,,,,,,,,,,,,,,,,,,,,,,,,,,,
,,,,,,,,,,,,,,,,,,,,,,,,,,,,,,,,,,,,
,,,,,,,,,,,,,,,,,,,,,,,,,,,,,,,,,,,,
,,,,,,,,,,,,,,,,,,,,,,,,,,,,,,,,,,,,
,,,,,,,,,,,,,,,,,,,,,,,,,,,,,,,,,,,,
,,,,,,,,,,,,,,,,,,,,,,,,,,,,,,,,,,,,
,,,,,,,,,,,,,,,,,,,,,,,,,,,,,,,,,,,,
,,,,,,,,,,,,,,,,,,,,,,,,,,,,,,,,,,,,
,,,,,,,,,,,,,,,,,,,,,,,,,,,,,,,,,,,,
,,,,,,,,,,,,,,,,,,,,,,,,,,,,,,,,,,,,
,,,,,,,,,,,,,,,,,,,,,,,,,,,,,,,,,,,,
,,,,,,,,,,,,,,,,,,,,,,,,,,,,,,,,,,,,
,,,,,,,,,,,,,,,,,,,,,,,,,,,,,,,,,,,,
,,,,,,,,,,,,,,,,,,,,,,,,,,,,,,,,,,,,
,,,,,,,,,,,,,,,,,,,,,,,,,,,,,,,,,,,,
,,,,,,,,,,,,,,,,,,,,,,,,,,,,,,,,,,,,
,,,,,,,,,,,,,,,,,,,,,,,,,,,,,,,,,,,,
,,,,,,,,,,,,,,,,,,,,,,,,,,,,,,,,,,,,
,,,,,,,,,,,,,,,,,,,,,,,,,,,,,,,,,,,,
,,,,,,,,,,,,,,,,,,,,,,,,,,,,,,,,,,,,
,,,,,,,,,,,,,,,,,,,,,,,,,,,,,,,,,,,,
,,,,,,,,,,,,,,,,,,,,,,,,,,,,,,,,,,,,
,,,,,,,,,,,,,,,,,,,,,,,,,,,,,,,,,,,,
,,,,,,,,,,,,,,,,,,,,,,,,,,,,,,,,,,,,
,,,,,,,,,,,,,,,,,,,,,,,,,,,,,,,,,,,,
,,,,,,,,,,,,,,,,,,,,,,,,,,,,,,,,,,,,
,,,,,,,,,,,,,,,,,,,,,,,,,,,,,,,,,,,,
,,,,,,,,,,,,,,,,,,,,,,,,,,,,,,,,,,,,
,,,,,,,,,,,,,,,,,,,,,,,,,,,,,,,,,,,,
,,,,,,,,,,,,,,,,,,,,,,,,,,,,,,,,,,,,
,,,,,,,,,,,,,,,,,,,,,,,,,,,,,,,,,,,,
,,,,,,,,,,,,,,,,,,,,,,,,,,,,,,,,,,,,
,,,,,,,,,,,,,,,,,,,,,,,,,,,,,,,,,,,,
,,,,,,,,,,,,,,,,,,,,,,,,,,,,,,,,,,,,
,,,,,,,,,,,,,,,,,,,,,,,,,,,,,,,,,,,,
,,,,,,,,,,,,,,,,,,,,,,,,,,,,,,,,,,,,
,,,,,,,,,,,,,,,,,,,,,,,,,,,,,,,,,,,,
,,,,,,,,,,,,,,,,,,,,,,,,,,,,,,,,,,,,
,,,,,,,,,,,,,,,,,,,,,,,,,,,,,,,,,,,,
,,,,,,,,,,,,,,,,,,,,,,,,,,,,,,,,,,,,
